scowl_n,n
painstaking_a,p
thumb_v,n
insincere_a,n
impoverish_v,n
scowl_v,n
hard-line_a,n
ripe_a,p
inefficient_a,n
sanction_v,p
dunce_n,n
saintliness_n,p
pugnacity_n,n
thank_v,p
smoldering_a,n
dignity_n,p
unnecessary_a,n
blockhead_a,n
obsessiveness_n,n
constraint_n,n
insecurity_n,n
irresolute_a,n
insecurity_a,n
incense_v,n
fame_n,p
infiltrators_a,n
proud_a,p
infiltrators_n,n
grieve_v,n
moralize_v,p
virtuous_a,p
stirring_a,p
objections_n,n
aggravation_n,n
adulteration_n,n
insult_n,n
bliss_n,p
insult_v,n
untouched_a,p
okay_a,p
bestial_a,n
successful_a,p
violator_n,n
violator_a,n
holy_a,p
arcane_a,n
relax_v,p
amicable_a,p
epic_a,p
limit_a,n
abundance_n,p
prickle_v,n
innovation_a,p
innovation_n,p
horrify_a,n
defy_v,n
burdensome_a,n
warp_v,n
horrify_v,n
taste_n,p
tradition_n,p
discompose_v,n
inconsistencies_n,n
wise_n,p
dangerous_a,n
wise_a,p
inconsistencies_a,n
triumphant_v,p
slaughtered_a,n
bias_n,n
bias_a,n
beatify_v,p
triumphant_a,p
doom_v,n
distract_v,n
bias_v,n
fiasco_n,n
affection_a,p
affection_n,p
perturb_v,n
devoid_a,n
upset_a,n
insistence_a,p
downgrade_v,n
insistence_n,p
industrious_a,p
devout_a,p
strange_a,n
err_v,n
reliability_n,p
enthusiastic_a,p
casualty_n,n
confident_a,p
yearn_v,p
hamstring_v,n
succeed_v,p
risk-free_a,p
unparalleled_a,p
sober_v,n
sober_a,n
merciless_a,n
madman_n,n
fast-paced_a,p
boom_n,p
contamination_n,n
stodgy_a,n
inoffensive_a,p
deadly_a,n
contortions_n,n
compassionate_a,p
contortions_a,n
staggering_a,n
accost_v,n
imbalance_a,n
imbalance_n,n
lonely_a,n
poor_a,n
willfully_a,p
trust_n,p
impeccable_a,p
despoil_v,n
unsavory_a,n
untimely_a,n
sarcastic_a,n
tribute_n,p
trust_v,p
unexplained_a,n
beast_a,n
beast_n,n
conspire_v,n
defile_v,n
hole_n,n
suffocate_v,n
self-respect_n,p
shark_n,n
crook_n,n
compromise_a,p
compromise_n,p
reprehensive_a,n
deserved_a,p
compromise_v,p
subtle_a,p
careless_a,n
asylum_a,p
shrewdness_n,p
inconsequential_a,n
asylum_n,p
ostracize_v,n
reconciliation_a,p
reconciliation_n,p
inspiration_n,p
unsettle_v,n
agonizing_a,n
tortuous_a,n
repression_n,n
impunity_a,n
impunity_n,n
repression_a,n
cutthroat_a,n
lovely_a,p
invalid_a,n
illiterate_a,n
worry_v,n
gape_v,n
condescending_a,n
relief_n,p
delirious_a,n
relief_a,p
objections_a,n
epidemic_a,n
malaise_n,n
crass_a,n
bondage_n,n
damaging_a,n
drain_a,n
reminiscent_a,p
reminiscent_n,p
drain_n,n
peacekeepers_a,p
negligence_n,n
peacekeepers_n,p
cleanliness_n,p
choke_v,n
wheedle_v,n
banal_a,n
mourner_n,n
vitality_n,p
limitation_n,n
dilemma_n,n
dilemma_a,n
improvement_n,p
denunciations_n,n
vitality_a,p
sweet_a,p
hard-working_a,p
restrictive_a,n
understanding_a,p
beneficiary_a,p
beneficiary_n,p
understanding_n,p
legitimate_a,p
simple_a,p
engulf_v,n
interference_a,n
abhor_v,n
interference_n,n
loyalty_n,p
inadequacy_n,n
bullish_a,p
loyalty_a,p
scar_n,n
shelter_n,p
versatility_n,p
scar_v,n
strenuous_a,n
dignified_a,p
incoherence_n,n
inferior_a,n
hope_v,p
stupidity_n,n
hope_a,p
salivate_v,p
dextrous_a,p
hope_n,p
guilt_n,n
begging_a,n
inviolable_a,p
forged_a,n
begging_n,n
shamelessness_n,n
trial_n,n
blood_n,n
infuriated_a,n
illuminati_a,p
illuminati_n,p
endure_v,p
irk_v,n
shiny_a,p
misgiving_n,n
streamlined_a,p
self-defeating_a,n
unethical_a,n
shrewd_a,p
unrelenting_a,n
hard-liner_n,n
massacre_n,n
kill_v,n
massacre_v,n
jubilate_v,p
honor_a,p
efficacious_a,p
discontinuity_n,n
discontinuity_a,n
neat_a,p
honor_n,p
responsible_a,p
honor_v,p
mishandle_v,n
calumny_n,n
dissatisfaction_n,n
preaching_n,p
ail_v,n
preaching_a,p
dissatisfaction_a,n
ail_n,n
abrupt_a,n
agony_n,n
greedy_a,n
accuses_v,n
widespread_a,n
sass_n,n
affirm_v,p
sass_v,n
catastrophic_a,n
bloated_a,n
truthful_a,p
lavish_a,p
indigent_a,n
lavish_v,p
miracles_n,p
nettlesome_a,n
cozy_a,p
gritty_a,n
uncollectible_a,n
disarray_n,n
disarray_a,n
fake_a,n
flagging_a,n
parasite_n,n
recalcitrant_a,n
refutation_a,n
refutation_n,n
snatch_v,n
carp_v,n
refined_a,p
danger_n,n
danger_a,n
satirize_v,n
fractious_a,n
puzzle_v,n
self-determination_n,p
bravery_a,p
gallant_a,p
nightmarish_a,n
bravery_n,p
self-determination_a,p
balanced_a,p
dejected_a,n
limit_v,n
partisan_a,n
abase_v,n
rational_a,p
refusal_n,n
inconvenience_n,n
inconvenience_a,n
paralyzed_a,n
destiny_n,p
partisan_n,n
conceit_n,n
feasible_a,p
intriguing_a,p
effectual_a,p
outbursts_n,n
sustained_a,p
vile_a,n
outbursts_a,n
defend_v,p
groundless_a,n
indiscernible_a,n
delude_v,n
mistrust_a,n
surrender_a,n
splitting_a,n
lukewarm_a,n
coherent_a,p
shoddy_a,n
fathomless_a,n
surrender_n,n
poised_a,p
nauseating_a,n
complicated_a,n
gaffe_n,n
thrifty_a,p
loss_n,n
miscalculate_v,n
controversial_a,n
amour_n,p
greatness_n,p
controversial_n,n
wrongful_a,n
defiler_n,n
infringement_n,n
heinous_a,n
maneuver_a,n
maneuver_n,n
stimulate_v,p
commotion_n,n
resounding_a,p
commotion_a,n
presume_v,n
junky_a,n
reliable_a,p
confidence_n,p
confidence_a,p
suicidal_a,n
deprived_a,n
screech_v,n
misfit_n,n
uncouth_a,n
preeminent_a,p
screech_n,n
kook_n,n
retaliate_v,n
anti-occupation_n,n
usefulness_n,p
delinquency_n,n
afflict_v,n
bothersome_a,n
anti-occupation_a,n
standstill_n,n
exonerate_v,p
radicalization_a,n
void_n,n
keenness_n,p
insufferable_a,n
gumption_n,p
brutalize_v,n
solid_n,p
forsake_v,n
solid_a,p
dizzy_a,n
spiteful_a,n
crippling_a,n
dispensable_a,n
patriot_n,p
disbelieve_v,n
prefer_v,p
validity_n,p
enervate_v,n
passionate_a,p
fragmented_a,n
hoax_v,n
alarming_a,n
cramped_a,n
proper_a,p
infringements_n,n
bleed_v,n
anemic_a,n
indisputable_a,p
fervor_n,p
inequalities_n,n
shun_v,n
effectiveness_n,p
bristle_v,n
irrefutable_a,p
misunderstanding_n,n
witty_a,p
misunderstanding_a,n
finagle_v,n
mortify_v,n
misunderstanding_v,n
licentious_a,n
destine_v,p
whips_n,n
repudiation_n,n
high-quality_a,p
repudiation_a,n
promise_a,p
misinform_v,n
evil_a,n
vanish_v,n
evil_n,n
independent_a,p
inaccuracies_n,n
felicitate_v,p
worth_a,p
celebrity_n,p
efficiency_n,p
worth_n,p
prestige_n,p
heaven_n,p
agitation_n,n
redeeming_a,p
righten_v,p
stride_a,p
stride_n,p
perceptive_a,p
wrath_n,n
steadfastness_n,p
worst_a,n
haunting_a,n
plunder_v,n
endear_v,p
little_a,n
fusty_a,n
fall_v,n
battle-lines_a,n
exceed_v,p
battle-lines_n,n
browbeat_v,n
rumors_n,n
haggle_v,n
quack_v,n
insubstantial_a,n
insufficiency_n,n
impose_v,n
outrages_n,n
ignominious_a,n
aberration_a,n
aberration_n,n
clever_a,p
glorious_a,p
force_v,n
laughter_n,n
bleakness_n,n
rapprochement_n,p
values_a,p
values_n,p
rapprochement_a,p
jovial_a,p
ironies_a,n
ironies_n,n
fond_a,p
fiery_a,p
guidance_a,p
ruin_n,n
guidance_n,p
mediocre_a,n
poignant_a,p
pundits_n,p
farsighted_a,p
pundits_a,p
brutish_a,n
feint_n,n
punishable_a,n
admiringly_a,p
capriciousness_n,n
vent_a,n
vent_n,n
oversimplification_n,n
loneliness_n,n
tramp_n,n
combative_a,n
fine_a,p
permissible_a,p
fine_v,n
treasonous_a,n
unwilling_a,n
enjoin_v,n
entangle_v,n
beauteous_a,p
well-publicized_a,p
flighty_a,n
problems_a,n
cure-all_a,p
cure-all_n,p
problems_n,n
indefatigable_a,p
languid_a,n
learning_n,p
acclaimed_a,p
martyrdom-seeking_a,n
grail_a,p
abjure_v,n
broad_a,p
grail_n,p
unconvincing_a,n
perfidious_a,n
clamor_n,n
painless_a,p
languish_v,n
failing_n,n
forgetfulness_n,n
agonies_n,n
fortuitous_a,p
beset_a,n
undecided_a,n
objection_n,n
friendship_n,p
infiltrator_n,n
friendship_a,p
objection_a,n
learned_n,p
egocentric_a,n
slaughter_v,n
enrich_v,p
rehabilitation_n,p
capability_n,p
slaughter_a,n
colossal_a,p
slaughter_n,n
pillory_v,n
fears_n,n
fears_a,n
resilient_a,p
disgusted_a,n
break_v,n
kid_v,p
expel_v,n
joke_n,p
blur_v,n
furor_n,n
gainful_a,p
joke_v,p
charismatic_a,p
fabulous_a,p
peaceful_n,p
principle_n,p
plight_n,n
ameliorate_v,p
beg_v,n
peaceful_a,p
mendacious_a,n
persuade_v,p
halcyon_a,p
outgoing_a,p
outsider_n,n
fortunate_a,p
accurately_a,p
patronize_v,n
ebullient_a,p
polemize_v,n
weep_v,n
imaginary_a,n
decent_a,p
rigorous_a,n
spookiest_a,n
exasperation_n,n
pointless_a,n
esteem_v,p
short-lived_a,n
partiality_n,n
esteem_n,p
writhe_v,n
delightfulness_n,p
partiality_a,n
luckiness_n,p
paupers_a,n
refuge_n,p
anti-social_a,n
punish_v,n
syndrome_n,n
gems_n,p
flawed_n,n
coddle_v,p
flawed_a,n
gems_a,p
dawn_v,p
celebration_n,p
incapable_a,n
indifference_n,n
get-rich_n,n
principle_a,p
unnerved_a,n
get-rich_a,n
heart_a,p
stagnant_a,n
complicit_a,n
desecrate_v,n
cost-saving_a,p
wellbeing_n,p
wellbeing_a,p
unfettered_a,p
torment_v,n
torment_n,n
whine_v,n
spotless_a,p
demonic_a,n
haven_n,p
lucid_a,p
foremost_a,p
capsize_v,n
relevance_n,p
lame-duck_a,n
caricature_v,n
superficiality_n,n
embattled_a,n
abidance_a,p
humility_n,p
repugnant_a,n
pro_n,p
stringent_a,n
lawful_a,p
abidance_n,p
subdued_a,n
indulgence_n,p
inactive_a,n
monumental_a,p
farcical-yet-provocative_a,n
killjoy_n,n
impractical_n,n
enmity_n,n
impractical_a,n
shameless_a,n
outstrip_v,p
ill-treated_a,n
productive_a,p
banish_v,n
passive_a,n
passive_n,n
redundancy_n,n
banish_a,n
optimism_n,p
stimulative_a,p
arouse_v,p
revenge_n,n
eventful_a,p
stark_a,n
profane_v,n
articulate_a,p
profane_a,n
attest_v,p
accordance_n,p
wink_a,p
wink_n,p
disagreement_a,n
stars_a,p
sound_a,p
stars_n,p
disagreement_n,n
unwillingness_n,n
nourish_v,p
implication_n,n
implication_a,n
unbound_a,p
enrichment_n,p
restricted_a,n
fraught_n,n
fraught_a,n
need_a,n
loveless_a,n
calamities_n,n
reproach_a,n
dangle_v,n
willing_a,p
ultra_a,p
reproach_n,n
objective_a,p
idealism_n,p
protests_n,n
misbegotten_a,n
protests_a,n
dire_a,n
hollow_a,n
expropriate_a,n
criticism_a,n
criticism_n,n
expropriate_n,n
cheerful_a,p
inequitable_a,n
blinding_a,n
braggart_n,n
cataclysm_n,n
notorious_a,n
embrace_v,p
mischief_n,n
disrespecting_n,n
disrespecting_a,n
mischief_a,n
irreversible_a,n
intrigue_n,p
incontestable_a,p
intrigue_a,p
irreversible_n,n
security_a,p
artificial_a,n
condemnation_n,n
security_n,p
pervert_v,n
bask_v,p
impiety_n,n
sad_a,n
antiquated_a,n
rough_a,n
inadverent_a,n
studious_a,p
outmoded_a,n
hater_n,n
excited_a,p
monotony_n,n
well-intentioned_a,p
sanctify_v,p
dissonant_a,n
prudence_a,p
thrills_n,p
prudence_n,p
fearful_a,n
ambiguous_a,n
afloat_a,p
cannibal_n,n
ironic_a,n
unstable_a,n
speedy_a,p
overshadow_v,n
hardships_a,n
hardships_n,n
disadvantage_n,n
remarkable_a,p
premeditated_a,n
unsatisfactory_a,n
manipulative_a,n
misguided_a,n
impolitic_a,n
amiability_n,p
potent_a,p
inexorable_a,n
betrayer_n,n
calamitous_a,n
allow_v,p
handicapped_a,n
dreams_a,p
horrendous_a,n
brash_a,n
advanced_a,p
calm_a,p
crackdown_n,n
glory_n,p
corruption_n,n
innocuous_a,p
glory_v,p
calm_v,p
unworthy_a,n
unfunded_a,n
innocuous_n,p
woe_n,n
hamstrung_v,n
effusiveness_n,p
dissuasive_a,n
trust_a,p
condone_v,p
courageousness_n,p
dear_a,p
pan_v,n
deplete_v,n
upfront_a,p
regressive_a,n
brood_v,n
mislead_n,n
sagacity_n,p
warmhearted_a,p
reform_v,p
bore_v,n
outbreak_n,n
feeble_a,n
deride_v,n
reprimand_v,n
squander_v,n
complement_v,p
implacable_a,n
improvise_v,p
fastidious_a,n
complement_n,p
disturbed-let_n,n
defamation_n,n
injure_v,n
polluters_a,n
disturbed-let_a,n
shock_v,n
polluters_n,n
spacious_a,p
insinuate_v,n
shock_n,n
shock_a,n
flaws_n,n
bungle_v,n
unraveled_a,n
savaged_a,n
avariciously_a,n
exceeding_a,p
adamant_a,n
outdated_a,n
truthfulness_n,p
pettifog_v,n
demise_n,n
forlorn_a,n
enemies_n,n
rile_v,n
amiable_a,p
enemies_a,n
compliment_v,p
criminal_n,n
dissent_a,n
dissent_n,n
confusing_a,n
leaky_a,n
steady_a,p
discordance_n,n
survive_v,p
recommend_v,p
letch_n,n
unfinished_a,n
vilify_v,n
differ_v,n
unimaginable_a,n
flirt_v,n
infuriate_v,n
wishes_n,p
wishes_a,p
destruction_n,n
excellence_n,p
better-known_a,p
vengeance_n,n
simmer_v,n
superlative_a,p
carelessness_n,n
feeblely_a,n
precise_a,p
beneficial_a,p
restrict_v,n
fanfare_a,p
slanderer_n,n
fanfare_n,p
extremist_a,n
pleased_a,p
well-being_a,p
scathing_a,n
invader_n,n
invader_a,n
well-being_n,p
abyss_n,n
convince_v,p
heady_a,p
dazed_a,n
madden_v,n
flounder_v,n
sprightly_a,p
suggestions_n,p
gauche_a,n
saint_n,p
first-rate_a,p
quarrel_n,n
quarrel_a,n
phenomenal_a,p
tranquil_a,p
esoteric_a,n
dismalness_n,n
glitter_v,p
quarrel_v,n
demean_v,n
acknowledge_v,p
bland_a,n
pompous_a,n
lovelorn_a,n
bewail_v,n
crime_n,n
inertia_n,n
lyrical_a,p
respite_n,p
posh_a,p
irresponsible_a,n
aggrieve_v,n
self-satisfaction_a,p
plentiful_a,p
radical_a,n
radical_n,n
self-satisfaction_n,p
somber_a,n
hostilities_a,n
feverish_a,n
disavow_v,n
hostilities_n,n
denigrate_v,n
domination_n,n
domination_a,n
applaud_v,p
insupportable_a,n
banalize_v,n
instability_n,n
inhuman_a,n
euphoric_a,p
incorrigible_a,n
disdain_v,n
instrumental_a,p
dumbfounded_a,n
disdain_n,n
stupify_v,n
openness_n,p
staid_a,n
better-than-expected_a,p
openness_a,p
enthusiasm_n,p
diversified_a,p
undefined_a,n
delightful_a,p
bashful_a,n
hustler_n,n
blithe_a,p
unrealistic_a,n
ensure_v,p
scarce_a,n
havoc_n,n
offensive_n,n
acrimonious_a,n
ecstatic_a,p
offensive_a,n
erratic_a,n
driven_a,p
drunkard_n,n
atrocious_a,n
backwardness_n,n
best-performing_a,p
cheery_a,p
altercation_n,n
lackey_n,n
deluded_a,n
disown_v,n
militancy_a,n
militancy_n,n
master_a,p
equality_n,p
equality_a,p
master_n,p
nourishment_n,p
hilariousness_n,p
frenetic_a,n
subside_v,n
cash-strapped_a,n
rampage_v,n
hallowed_a,p
flexible_a,p
desolate_a,n
overreach_v,n
fume_v,n
abandon_v,n
sweeten_v,p
want_v,p
spirited_a,p
dishearten_v,n
scenic_a,p
annihilation_n,n
prompt_a,p
fruitless_a,n
harden_v,n
vagrant_n,n
enviable_a,p
insulted_a,n
simplistic_a,n
simplistic_n,n
dwindling_a,n
craziness_n,n
alleviate_v,p
doldrums_n,n
amazing_a,p
boycott_n,n
boycott_a,n
pertinacity_n,n
acceptance_n,p
great_a,p
prosperous_a,p
filth_n,n
overlook_v,n
flimflam_n,n
plebeian_a,n
untruthful_a,n
truculent_a,p
conciliatory_a,p
hostile_n,n
repress_v,n
valuable_a,p
ultra-hardline_n,n
indifferent_a,n
scoundrel_n,n
cuplrit_n,n
faith_n,p
ingenuous_a,p
shrill_n,n
relent_v,p
shrill_a,n
unjust_a,n
slime_n,n
faith_a,p
mistakes_a,n
court_v,p
protest_n,n
protest_a,n
commiserate_v,n
mistakes_n,n
traduce_v,n
renewal_n,p
protest_v,n
satisfy_v,p
wallow_v,n
righteousness_n,p
barbaric_a,n
contradiction_n,n
reunite_v,p
thriving_a,p
disgruntle_v,n
underdog_n,n
unrestricted_a,p
underdog_a,n
goad_v,n
kind_a,p
lull_v,n
glut_n,n
far-fetched_a,n
astonishment_n,p
suppression_a,n
lackadaisical_a,n
deficiency_n,n
hallucination_n,n
special_a,p
frozen_a,n
worried_a,n
burden_a,n
burden_n,n
loser_n,n
uneconomical_a,n
assurance_a,p
rhetorical_n,n
rhetorical_a,n
inaction_n,n
assurance_n,p
deserving_a,p
well-positioned_a,p
suffering_n,n
boundless_a,p
mirage_n,n
indecency_n,n
happiness_n,p
mirage_a,n
grit_n,p
ungrateful_a,n
grit_a,p
champion_a,p
champion_n,p
unmoved_a,n
appropriate_a,p
bullish_n,p
frank_a,p
dread_v,n
intolerance_n,n
miser_n,n
intolerance_a,n
embarrass_v,n
inessential_a,n
deceiving_a,n
grating_a,n
tarnish_v,n
conceited_a,n
licentiousness_n,n
frictions_n,n
miraculousness_n,p
accomplish_v,p
preferable_a,p
frictions_a,n
palatial_a,p
hardier_a,p
hardier_n,p
tenacity_n,p
draconic_a,n
healthy_n,p
ape_v,n
abdicate_v,n
headway_n,p
pique_v,n
frantic_a,n
exalt_a,p
healthy_a,p
unpopular_a,n
counterproductive_a,n
scandal_a,n
scandal_n,n
insensitivity_a,n
kemp_a,p
insensitivity_n,n
renaissance_n,p
disapprobation_n,n
apt_a,p
sleek_a,p
sneer_v,n
rationalize_v,n
sneer_n,n
trauma_a,n
deprecate_v,n
trauma_n,n
horrible_a,n
lure_v,n
revolt_v,n
foolhardy_a,n
pillage_v,n
roadblocks_n,n
roadblocks_a,n
lucidly_a,p
deform_v,n
warlike_a,n
adventure_n,p
admonition_n,n
adventure_a,p
dismayed_a,n
steadfast_a,p
fast-growing_a,p
orphan_n,n
acerbic_a,n
magnify_v,p
terrorize_v,n
dusty_a,n
incivility_n,n
merriment_n,p
democratic_a,p
alienate_v,n
interfere_v,n
illicit_a,n
stigma_n,n
maladjusted_a,n
vague_a,n
joy_n,p
calumniation_n,n
vague_n,n
apprehensive_a,n
slashing_a,n
stigma_v,n
slashing_n,n
apprehensive_n,n
earnest_a,p
barbarity_a,n
offenses_a,n
offenses_n,n
subvert_v,n
barbarity_n,n
invincible_a,p
chaste_a,p
compassion_n,p
shame_n,n
crisis_a,n
corrosion_n,n
thoughtlessness_n,n
crisis_n,n
shirk_v,n
shame_v,n
lose_v,n
sufferers_n,n
unfriendly_a,n
sufferers_a,n
ascertainable_n,p
ascertainable_a,p
stagger_v,n
outrageousness_n,n
ominous_a,n
unwanted_a,n
felicitous_a,p
falsehood_n,n
healthful_a,p
daze_v,n
ability_n,p
disabled_a,n
breathtaking_a,p
outwit_v,p
grapple_v,n
sever_a,n
ghastly_a,n
responsive_a,p
comprehensive_a,p
annoying_a,n
carefree_a,p
believable_a,p
afford_v,p
covetous_a,n
exile_v,n
humiliate_v,n
one-side_a,n
oddity_n,n
undermine_v,n
inconsistence_n,n
luxuriant_a,p
hostile_a,n
inexcusable_a,n
destroyer_n,n
addict_n,n
destroyer_a,n
awestruck_a,p
admirable_a,p
sham_a,n
ill-used_a,n
discredit_v,n
scary_a,n
glisten_a,p
glisten_v,p
despotism_n,n
despotism_a,n
intuitive_a,p
dodgey_a,n
exalting_a,p
dissuade_v,n
skittish_a,n
peevish_a,n
proscriptions_n,n
victory_a,p
invalidity_n,n
reverent_a,p
desultory_a,n
butcher_v,n
flatter_v,p
helplessness_n,n
illegal_a,n
infested_a,n
taunts_n,n
tantrum_n,n
explosive_a,n
indelicate_a,n
inequities_a,n
incoherently_a,n
inequities_n,n
dismay_v,n
lethal_a,n
delight_n,p
opportunity_n,p
fainthearted_a,n
delight_v,p
dismay_n,n
independence_a,p
eminence_n,p
poise_n,p
mania_n,n
durable_a,p
confute_v,p
challenge_n,n
merry_a,p
afflictive_a,n
discontent_a,n
discontent_n,n
challenge_v,n
annoy_v,n
rejection_a,n
rejection_n,n
jealous_a,n
rumours_n,n
ferocity_n,n
rumours_a,n
grand_a,p
fearless_a,p
pauper_n,n
refresh_v,p
large_a,p
batty_a,n
inattentive_a,n
adroit_a,p
benevolent_a,p
sore_a,n
sore_n,n
resentment_n,n
mulish_a,n
disrepute_n,n
resentment_a,n
aspersions_n,n
assassinate_v,n
payback_n,n
crumble_v,n
payback_a,n
wholesome_a,p
nifty_a,p
inglorious_a,n
warmth_n,p
coping_a,n
coping_n,n
vigorous_a,p
ragged_a,n
bait_v,n
harboring_a,n
maximize_v,p
harboring_n,n
awfulness_n,n
lurch_v,n
overcome_v,n
hardened_a,n
overzealous_a,n
better_a,p
fuss_v,n
sage_a,p
fuss_a,n
raging_a,n
hug_a,p
expressive_a,p
fuss_n,n
famished_a,n
motivated_a,p
disloyal_n,n
disloyal_a,n
jeer_v,n
scared_a,n
jeer_n,n
distrust_v,n
admit_v,p
unpleasantries_a,n
malignant_a,n
unpleasantries_n,n
sucker_n,n
impel_v,p
lofty_a,p
unruly_a,n
misbehave_v,n
exterminate_v,n
piety_n,p
frigid_a,n
excel_v,p
guiltless_a,p
slim_a,p
clear-cut_a,p
slim_n,p
rhetoric_n,n
rhetoric_a,n
misinformed_a,n
intrusion_n,n
extinguish_v,n
unease_n,n
feisty_n,p
feisty_a,p
affable_a,p
forceful_a,n
courage_a,p
nurture_v,p
courage_n,p
immovable_a,n
dinky_a,n
pine_v,n
relieve_v,p
cheapen_v,n
exciting_a,p
slight_v,n
mudslinger_n,n
misuse_v,n
slight_n,n
unconcerned_a,p
shelter_v,p
slight_a,n
runaway_v,n
cheer_n,p
rehabilitate_v,p
cheer_v,p
divided_a,n
frightening_a,n
despicable_a,n
intimacy_a,p
undoubted_a,p
savor_v,p
intimacy_n,p
transgression_n,n
excuses_n,n
excuses_a,n
ulterior_a,n
hardball_a,n
immaterial_a,n
deviate_v,n
hardball_n,n
prattle_v,n
hard_a,n
deviate_n,n
pestilent_a,n
humble_v,p
allowable_a,p
deviate_a,n
irreplacible_a,n
sulk_v,n
exquisite_a,p
riches_n,p
incompetence_n,n
electrify_v,p
spilling_a,n
mystery_n,n
spilling_n,n
woebegone_a,n
dissocial_a,n
favorable_a,p
subjugation_n,n
altruistic_a,p
disastrous_a,n
intelligible_a,p
humanity_n,p
backbone_n,p
gaiety_n,p
laughingstock_n,n
abomination_n,n
indistinct_a,n
precaution_n,p
recover_v,p
personages_n,p
dauntless_a,p
personages_a,p
paralize_v,n
figurehead_a,n
harm_a,n
harm_n,n
minister_v,p
sag_v,n
falsify_v,n
resistance_a,n
spurn_v,n
resistance_n,n
failures_n,n
proactive_a,p
proactive_n,p
failures_a,n
redundant_a,n
skillful_a,p
resigned_a,n
beseech_v,n
scandals_n,n
impetus_n,p
irresolvable_a,n
multi-polarization_n,n
glimmer_a,p
intelligence_n,p
reestablish_v,p
incisiveness_n,p
glimmer_v,p
scrupulous_a,p
impending_a,n
kooky_a,n
impending_n,n
glamorous_a,p
dismissive_n,n
dismissive_a,n
perplexed_a,n
veto_a,n
veto_n,n
disputed_a,n
hateful_a,n
competency_n,p
fervid_a,p
discreet_a,p
perfunctory_a,n
strict_a,n
perfunctory_n,n
stagnation_n,n
overturn_v,n
chasten_v,n
wrest_v,n
endorsement_n,p
endorsement_a,p
enemy_n,n
plain_a,p
downer_n,n
unresolved_a,n
remunerate_v,p
distinctive_a,p
distinctive_n,p
execrate_v,n
worth-while_a,p
sardonic_a,n
betrayal_n,n
jubilant_a,p
steal_v,n
disorder_v,n
amity_n,p
amity_a,p
inaptitude_n,n
incontrovertible_a,p
congenial_a,p
acumen_n,p
stagnate_v,n
affinity_n,p
blandish_v,n
tiresome_a,n
unsettled_a,n
fanatic_n,n
spooky_a,n
tiring_a,n
cooperation_a,p
spinster_n,n
enjoyable_a,p
fugitive_a,n
tiring_n,n
beguile_v,n
fair_n,p
trick_a,n
discomfort_n,n
trick_n,n
vindicate_v,p
fair_a,p
frightful_a,n
stricken_a,n
blameless_a,p
ethical_a,p
outburst_n,n
outburst_a,n
misbecome_v,n
abrade_v,n
involuntary_a,n
politeness_n,p
distraught_a,n
amuse_v,p
dirty_a,n
selfishness_n,n
direness_n,n
petrify_v,n
murderous_a,n
powerless_a,n
weary_a,n
triumphal_a,p
weary_n,n
misread_v,n
weak_a,n
disturbed_a,n
extermination_n,n
heckle_v,n
devoted_a,p
subservient_a,n
explicit_a,p
aristocratic_a,p
haughty_a,n
starvation_n,n
touchy_a,n
blather_v,n
respect_v,p
bicker_v,n
trendy_a,p
heroic_a,p
irreverence_n,n
accommodative_a,p
warped_a,n
plagiarize_v,n
unworkable_a,n
travesties_n,n
felicity_n,p
toughness_n,n
flash_n,n
flash_a,n
toughness_a,n
solicitude_n,p
confusion_a,n
amaze_v,p
ingratiating_a,p
ill_n,n
ill_a,n
jabber_v,n
motivate_v,p
expediencies_n,n
universal_a,p
expediencies_a,n
covenant_n,p
consensus_n,p
best-selling_a,p
dissatisfy_v,n
popular_n,p
popular_a,p
unjustified_a,n
twists_n,n
twists_a,n
din_n,n
penetrating_a,p
gifted_a,p
pale_a,n
palliate_v,p
bemused_a,n
pale_n,n
tingle_v,p
revel_n,p
revel_a,p
sicken_v,n
debase_v,n
non-confidence_a,n
cuss_v,n
revel_v,p
non-confidence_n,n
dishonorable_a,n
perversion_n,n
excuse_a,n
excuse_n,n
escapade_n,n
congratulate_v,p
violation_n,n
advantage_n,p
advantage_a,p
exalted_a,p
icy_a,n
sensations_n,p
gratuitous_a,n
gloomy_a,n
gratuitous_n,n
sensations_a,p
fallacious_a,n
fiction_n,n
well-connected_a,p
fiction_a,n
cheerless_a,n
strain_n,n
balk_v,n
protect_v,p
strain_v,n
shaky_a,n
precipitous_a,n
self-humiliation_a,n
agreement_a,p
divorced_a,n
indecisive_a,n
agreement_n,p
self-humiliation_n,n
pious_a,p
spiritless_a,n
smarter_a,p
inimical_a,n
cheat_n,n
apathetic_a,n
hug_n,p
superior_a,p
renowned_a,p
apathetic_n,n
restful_a,p
hegemony_n,n
complicate_v,n
brainwash_v,n
hegemony_a,n
fault_v,n
lunatic_a,n
playful_a,p
providence_n,p
fumble_v,n
harassment_n,n
deny_v,n
encroachment_n,n
ineffectual_a,n
antipathy_n,n
dilapidated_a,n
lowly_a,n
proficient_a,p
harpy_n,n
benevolence_n,p
demystify_v,p
pratfall_n,n
insubordinate_a,n
envy_n,n
exclusion_n,n
envy_v,n
wow_v,p
hardliners_a,n
hardliners_n,n
underestimate_v,n
relentlessness_n,n
arguments_n,n
elevate_v,p
arguments_a,n
maltreatment_a,n
demoralize_v,n
verifiable_a,p
hypocrite_n,n
outrage_n,n
supporter_a,p
unconventional_a,p
amazed_a,p
outrage_v,n
villianous_a,n
inquisitive_a,p
moan_v,n
exacerbate_v,n
fetid_a,n
inspiring_a,p
melodramatic_a,n
jar_v,n
bogus_a,n
pleasantly_a,p
commonsensible_a,p
unassailable_n,p
inclination_a,p
lovable_a,p
stubborn_a,n
inclination_n,p
infernal_a,n
fascinate_v,p
bombard_v,n
blemish_n,n
intoxicate_v,n
abandonment_n,n
reasonable_a,p
ill-mannered_a,n
decline_n,n
disvalue_n,n
exaggeration_n,n
exaggeration_a,n
decline_v,n
impervious_a,p
divorce_v,n
brave_a,p
outsmart_v,p
diabolic_a,n
indulgent_a,p
brave_v,p
divorce_n,n
radiance_n,p
grill_v,n
unconditional_a,p
comical_a,n
hawkish_n,n
hawkish_a,n
detrimental_a,n
consternation_n,n
unscathed_a,p
rattle_v,n
revert_v,n
treasure_v,p
handy_a,p
wisdom_a,p
wisdom_n,p
blabber_v,n
worthless_a,n
gawk_v,n
dope_n,n
friends_a,p
inescapably_a,n
enthral_v,p
antagonist_n,n
disconsolate_a,n
friends_n,p
togetherness_n,p
threaten_v,n
slow_a,n
abominable_a,n
guarantee_v,p
unneeded_a,n
guarantee_n,p
upsetting_a,n
bitter_a,n
bloodthirsty_a,n
draconian_a,n
sense_v,p
idle_a,n
faulty_a,n
sense_n,p
restlessness_n,n
sense_a,p
enterprising_a,p
deadweight_a,n
self-coup_a,n
death_n,n
devilry_n,n
embroilment_n,n
justification_n,p
polution_n,n
raving_a,n
reckless_a,n
prodigious_a,p
unsure_a,n
obscene_a,n
misgivings_n,n
attractive_n,p
attractive_a,p
fever_n,n
unbiased_a,p
conscientious_a,p
disparage_v,n
adulterate_v,n
pricey_a,n
shortage_n,n
rosy_a,p
gratitude_a,p
gratitude_n,p
resignation_n,n
restore_v,p
mistaken_v,n
dissemble_v,n
indignant_a,n
expensive_a,n
eviscerate_v,n
expensive_n,n
fatigue_n,n
beastly_a,n
chaff_v,n
impolite_a,n
unnoticed_a,n
extremists_n,n
extremists_a,n
graceless_a,n
gall_v,n
lighten_v,p
nonexistent_a,n
block_n,n
hostage_n,n
glee_n,p
block_v,n
resolved_a,p
fight_a,n
fight_n,n
affront_n,n
rupture_n,n
annoyance_n,n
boast_v,n
affront_v,n
chatter_v,n
ingrate_n,n
defect_n,n
brilliant_a,p
insecure_a,n
inhospitable_a,n
peril_n,n
mercy_n,p
unease_a,n
pinnacle_n,p
beauty_n,p
mercy_a,p
subjugate_n,n
agility_n,p
subjugate_v,n
forswear_v,n
disappointed_a,n
impotent_n,n
showdown_n,n
showdown_a,n
impotent_a,n
horde_n,n
despised_a,n
wee_a,n
toast_v,p
bloom_v,p
dark_a,n
integral_a,p
spellbind_v,p
detest_v,n
obsess_v,n
substantial_a,p
inhibit_v,n
hothead_n,n
violate_v,n
repay_v,p
fleer_v,n
deflationary_a,p
sociable_a,p
ascendant_n,p
austere_a,n
entertain_v,p
plea_n,n
ineptitude_n,n
fitting_a,p
hysteria_n,n
thoughtful_a,p
anxiousness_n,n
spade_n,n
spade_a,n
upscale_a,p
sneaky_a,n
inevitable_a,n
inevitable_n,n
well-run_a,p
unfeeling_a,n
instigator_n,n
brutalizing_a,n
worries_n,n
talent_a,p
dissention_n,n
imbroglio_n,n
unselfish_a,p
talent_n,p
worries_a,n
crisp_a,p
decrepit_a,n
obtrusive_a,n
eligible_a,p
quench_v,p
despairing_a,n
adaptive_a,p
subversion_n,n
unprepared_a,n
surmount_v,p
commonsensical_a,p
mystify_v,n
war_n,n
partisans_n,n
debility_n,n
partisans_a,n
war_a,n
injudicious_a,n
scars_n,n
busy_a,n
scars_a,n
honesty_a,p
honesty_n,p
definitive_n,p
imposing_a,n
imposing_n,n
definitive_a,p
weird_a,n
utmost_a,p
denunciation_n,n
weird_n,n
imposition_n,n
manipulators_a,n
manipulators_n,n
imposition_a,n
hallucinate_v,n
catalyst_a,p
unravel_n,n
statuesque_a,p
shrew_n,n
unravel_a,n
catalyst_n,p
autonomous_a,p
recognition_n,p
best-known_a,p
recognition_a,p
hardy_a,p
faithless_a,n
dishonor_v,n
outcry_n,n
resound_v,p
enormities_n,n
alarmed_a,n
salable_a,p
prominent_a,p
profess_v,p
undesirable_a,n
oversized_a,n
wide_a,p
grave_a,n
upbraid_v,n
malodorous_a,n
sparkling_a,p
deluge_n,n
usurper_n,n
suppression_n,n
drought_a,n
galling_a,n
drought_n,n
relaxed_a,p
pride_n,p
improbable_a,n
substandard_a,n
debaser_n,n
sorrow_v,n
sorrow_n,n
gusto_n,p
uninformed_a,n
courageous_a,p
heartbreaker_n,n
benefit_n,p
benefit_a,p
dungeons_n,n
liberate_v,p
sickening_a,n
extravagance_n,n
dungeons_a,n
expunge_v,n
archaic_a,n
prodigy_n,p
popularity_n,p
popularity_a,p
broken-hearted_a,n
catastrophe_n,n
imprudent_a,n
supportive_n,p
supportive_a,p
feign_v,n
wicked_a,n
limp_a,n
abysmal_a,n
negligible_a,n
rid_v,n
positive_a,p
fiendish_a,n
blistering_a,n
safeguard_v,p
liberal_a,p
distort_v,n
tangled_a,n
voluntary_a,p
ready_a,p
ranting_a,n
swift_a,p
divergent_a,n
reassurance_a,p
reassurance_n,p
uncompromising_a,n
distrustful_a,n
heroize_v,p
heros_n,p
vow_v,p
glorify_v,p
hubris_n,n
demolish_v,n
manageable_a,p
smiling_a,p
fondness_n,p
collide_v,n
wound_n,n
imprecate_v,n
insincerity_n,n
wound_a,n
rivalry_n,n
senile_a,n
wound_v,n
upheld_v,p
rectifying_n,p
rectifying_a,p
graceful_a,p
precarious_a,n
destitute_a,n
leer_v,n
leer_n,n
hinder_v,n
dispirited_a,n
sweeping_a,p
unfit_a,n
rogue_a,n
fit_a,p
maturity_n,p
rogue_n,n
digress_v,n
blame_a,n
perseverance_n,p
blame_n,n
gainsay_v,n
blame_v,n
doubt_n,n
lackeys_a,n
agonize_v,n
lackeys_n,n
dissolute_a,n
defrauding_n,n
defrauding_a,n
enfeeble_v,n
seething_a,n
rigid_a,n
censure_a,n
charitable_a,p
charitable_n,p
censure_n,n
unscrupulous_a,n
sanguine_a,p
feebleminded_a,n
censure_v,n
polarisation_a,n
shrug_n,n
polarisation_n,n
refute_v,n
stalemate_n,n
prize_v,p
exhilaration_n,p
hypocrisy_n,n
innocence_a,p
precipitate_v,n
haunt_v,n
inflexible_a,n
pretend_v,n
pro-Cuba_n,p
valor_n,p
impious_a,n
cackle_v,n
innocence_n,p
pro-Cuba_a,p
goof_v,n
satisfaction_n,p
convoluted_a,n
satisfaction_a,p
ill-natured_a,n
goof_n,n
trivial_n,n
venerable_a,p
overbalanced_a,n
toil_v,n
bent_a,n
pacifists_a,p
nix_v,n
pacifists_n,p
victory_n,p
hero_n,p
unjustifiable_a,n
indecorum_n,n
kiss_v,p
ignorant_n,n
forgiven_a,p
impressiveness_n,p
ignorant_a,n
established_a,p
audaciousness_n,n
rich_a,p
whimsical_a,p
heartfelt_a,p
exaggerate_v,n
mistrust_n,n
inclusive_a,p
ally_n,p
discourteous_a,n
lapse_n,n
safe_a,p
antithetical_n,n
interrupt_v,n
antithetical_a,n
imminence_n,n
embroil_v,n
aggrieved_a,n
sinister_a,n
inelegance_n,n
haggard_a,n
ebullience_n,p
attack_n,n
mortification_n,n
attack_v,n
turmoil_n,n
straight_a,p
fallacy_n,n
distinguished_a,p
flourishing_a,p
justifiable_a,p
depraved_a,n
inexpiable_a,n
fell_a,n
well-informed_a,p
appalled_a,n
worthy_a,p
harmonious_a,p
colorful_a,p
instigators_n,n
grotesque_a,n
romanticize_v,p
pamper_v,p
memorialize_v,p
terror-genic_a,n
sting_v,n
adversary_n,n
unfair_a,n
tentative_a,n
peace_n,p
diseased_a,n
peace_a,p
picky_a,n
shamefully_n,n
objectionable_a,n
impugn_v,n
infringements_a,n
cut_v,n
perversity_n,n
repugnance_n,n
promise_n,p
emasculate_v,n
botch_v,n
hoard_v,n
fissures_a,n
fissures_n,n
battered_a,n
tardy_a,n
tamper_v,n
astounded_a,p
ruin_v,n
derogatory_a,n
nervous_a,n
ruin_a,n
nasty_a,n
coercive_a,n
first-class_a,p
ruffle_v,n
crave_v,p
pitiful_a,n
explode_v,n
just_n,p
disquiet_v,n
secretive_n,n
just_a,p
genial_a,p
jaded_a,n
illogical_a,n
sumptuous_a,p
refinement_n,p
repressive_a,n
harmonize_v,p
expulse_v,n
depressing_a,n
baffled_a,n
favorite_a,p
sworn_a,p
malevolence_n,n
inexact_a,n
renown_n,p
need_n,n
egomania_n,n
graciousness_n,p
deceive_v,n
discourteously_a,n
confessions_a,n
luxuriate_v,p
maverick_a,n
confessions_n,n
misguide_v,n
set-up_n,n
bewitch_v,n
hostility_n,n
hostility_a,n
disaffected_a,n
exhaustion_n,n
set-up_a,n
stooges_n,n
mar_n,n
stooges_a,n
terrify_v,p
temperate_a,p
astute_a,p
empower_v,p
overbearing_a,n
frustration_n,n
rectify_v,p
free_a,p
anti-proliferation_n,n
anti-proliferation_a,n
irreverent_a,n
well-established_a,p
redeem_v,p
intricate_a,p
survival_n,p
broke_a,n
bad_a,n
anarchism_n,n
elevated_a,p
willful_a,p
excitedness_n,p
thorny_a,n
vagueness_n,n
tender_a,p
abrasive_a,n
thorny_n,n
stunning_a,p
divide_v,n
purification_n,p
keenness_a,p
menace_v,n
reason_n,p
radicalization_n,n
selective_a,p
mislike_v,n
menace_n,n
tolerable_a,p
deceivers_n,n
imaginative_a,p
easy_a,p
savages_n,n
conspiracy_a,n
tolerant_a,p
rejoice_v,p
conspiracy_n,n
alienation_n,n
delusion_n,n
delusion_a,n
improving_a,p
disapproval_n,n
pry_v,n
disapproval_a,n
peerless_a,p
idealist_n,p
election-rigger_n,n
recoil_v,n
careful_a,p
election-rigger_a,n
proscriptions_a,n
premier_a,p
educable_a,p
sluggish_a,n
wrangle_v,n
infallibility_n,p
instigate_v,n
controversy_a,n
controversy_n,n
independence_n,p
avalanche_a,n
adversarial_a,n
ignore_v,n
avalanche_n,n
oppose_v,n
shroud_v,n
advisable_n,p
afraid_a,n
fastest-growing_a,p
narrow_a,n
adaptability_n,p
novel_a,p
dispirit_v,n
tolerance_n,p
drastic_a,n
tolerance_a,p
incomprehension_n,n
hardheaded_a,n
lawless_a,n
nefarious_a,n
unorthodoxy_n,n
useless_a,n
befit_v,p
lurid_a,n
noteworthy_a,p
noteworthy_n,p
viciousness_n,n
compact_a,p
cherub_n,p
miserable_a,n
dirt_n,n
value_v,p
seductive_a,p
magnificent_a,p
flaw_a,n
decay_n,n
terror_n,n
flaw_n,n
agree_v,p
patience_n,p
decay_v,n
lawbreaker_a,n
fortuitously_a,p
contemptuous_a,n
merriness_n,p
belligerent_a,n
unthinkable_a,n
curse_v,n
detraction_n,n
strident_a,n
terrific_a,p
heartening_a,p
envision_v,p
mar_v,n
prowess_n,p
pithy_a,p
last-ditch_n,n
trouble_v,n
last-ditch_a,n
pithy_n,p
trouble_a,n
terrorism_n,n
pre-eminent_a,p
trouble_n,n
revelation_n,p
ire_n,n
revelation_a,p
exhaust_v,n
sloppy_a,n
frighten_v,n
insolence_n,n
massacres_n,n
hoodwink_v,n
ill-treatment_a,n
splendor_n,p
ill-treatment_n,n
blindside_v,n
fiat_n,n
flak_a,n
myriad_n,p
fiat_a,n
indoctrination_n,n
indoctrination_a,n
light-hearted_a,p
sadness_n,n
warm_a,p
goodness_n,p
deadlock_v,n
deadlock_n,n
declaim_v,n
obedience_n,p
overrun_v,n
adorable_a,p
influential_a,p
adorer_n,p
faint_a,n
battlefield_n,n
fraud_a,n
regression_n,n
fraud_n,n
allegations_a,n
mysterious_a,n
allegations_n,n
dig_v,p
utter_a,n
inequalities_a,n
contribution_n,p
contribution_a,p
dig_n,n
nurturing_a,p
nurturing_n,p
leverage_n,p
sidetrack_v,n
leverage_v,p
repetitive_a,n
reassure_v,p
paupers_n,n
repent_v,p
naughty_a,n
obsolete_a,n
problem_n,n
revolution_a,p
rank_a,n
zealot_n,n
revolution_n,p
war-like_a,n
agitate_v,n
ignominy_n,n
war-like_n,n
anti-American_a,n
anti-American_n,n
severe_a,n
ardent_a,p
languor_n,n
incomprehensible_a,n
outcast_n,n
penitent_a,p
opposition_n,n
meaningless_a,n
opposition_a,n
creative_a,p
delectable_a,p
malice_n,n
incommensurate_a,n
mesmerize_v,p
record-setting_a,p
stately_a,p
destabilisation_n,n
destabilisation_a,n
astounding_a,p
prosper_v,p
glimmer_n,p
ax_v,n
tenderness_n,p
rack_v,n
curse_n,n
sickness_n,n
inelegant_a,n
gainsayer_n,n
multi-polarization_a,n
choppy_a,n
glad_a,p
euphoria_n,p
flak_n,n
paltry_a,n
pariah_n,n
violent_a,n
perilous_a,n
futility_n,n
famed_a,p
cherish_v,p
inconsistent_a,n
jumpy_a,n
fateful_a,n
distraughtness_n,n
prosecute_v,n
unpredictable_a,n
ineligible_a,n
favour_n,p
tiny_a,n
wretchedness_n,n
sarcasm_n,n
despot_n,n
improper_a,n
oppression_a,n
mishap_n,n
suspect_n,n
shipwreck_n,n
suspect_a,n
oppression_n,n
imprecision_a,n
tumultuous_a,n
sympathies_a,n
indistinctive_a,n
divisiveness_n,n
discombobulate_v,n
sympathies_n,n
consume_v,n
whips_a,n
collude_v,n
loath_a,n
declining_a,n
unacceptable_a,n
benefactor_n,p
sick_a,n
malign_a,n
impossiblity_n,n
stunted_a,n
opportunistic_a,n
mastery_n,p
malign_v,n
reparation_n,p
discontented_a,n
precision_n,p
laconic_a,n
cautionary_a,n
damage_v,n
staunchness_n,p
conspiracies_n,n
monumentally_a,p
vicious_a,n
damage_n,n
reward_v,p
idolized_a,p
inveigle_v,n
unimportant_a,n
valid_a,p
achieve_v,p
repair_v,p
irrelevance_n,n
majestic_a,p
hedge_v,n
repair_n,p
malcontented_a,n
untested_a,n
reprove_v,n
inflationary_a,n
overkill_n,n
fleeting_a,n
shortchange_v,n
reaffirmation_a,p
reaffirmation_n,p
thinkable_a,p
thinkable_n,p
indiscriminating_a,n
oversimplify_v,n
impermissible_a,n
dote_v,p
mannerly_a,p
unavailable_a,n
animosity_n,n
chaos_n,n
radiant_a,p
ingenuity_n,p
interest_a,p
inexpert_a,n
undisputed_a,p
antagonistic_a,n
interest_v,p
pitifully_a,n
fallout_n,n
fathom_v,p
gracious_a,p
ailment_n,n
willingness_a,p
damn_n,n
damn_a,n
willingness_n,p
abnormal_a,n
sentiment_n,p
apostle_a,p
apostle_n,p
self-coup_n,n
sentiment_a,p
damn_v,n
subjection_n,n
wearisome_a,n
straggler_n,n
disgraced_a,n
taunt_v,n
dashing_a,p
maniacal_a,n
ineffective_a,n
dragon_n,n
taunt_n,n
exploitation_n,n
marvels_n,p
wrong_a,n
youthful_a,p
chide_v,n
endless_a,n
exploitation_a,n
captivating_a,p
irritation_a,n
low-cost_a,p
senseless_a,n
cajole_v,n
discreet_n,p
suit_v,p
viable_a,p
burn_v,n
glum_a,n
tenuous_a,n
humane_n,p
rifts_n,n
guilty_a,n
miracle_n,p
liable_a,n
shortcomings_n,n
mangle_v,n
pessimism_n,n
giddy_a,p
coax_v,p
cave_v,n
tempt_v,p
coherence_a,p
acclaim_n,p
mind_v,n
press_v,p
overplay_v,n
conspirator_n,n
derision_n,n
conspirator_a,n
doomsday_n,n
lecture_n,n
monstrosities_n,n
lecture_v,n
redemption_n,p
sputter_v,n
sporadic_a,n
regal_a,p
acerbate_v,n
inept_a,n
profit_v,p
authentic_a,p
malevolent_a,n
illustrious_a,p
clout_n,p
forbidding_a,n
disobey_v,n
profit_n,p
clout_a,p
outstanding_a,p
merit_v,p
cumbersome_a,n
dissenter_n,n
foul_a,n
timidness_n,n
foul_v,n
kick_a,n
kick_n,n
moon_v,n
complacent_n,n
difficulties_n,n
difficulties_a,n
complacent_a,n
crude_a,n
fairness_n,p
remorseful_a,n
lurk_v,n
devote_v,p
capitalize_v,p
slow-moving_a,n
humiliating_a,n
rightness_n,p
rightness_a,p
detract_v,n
messy_a,n
credence_a,p
shrouded_v,n
lorn_a,n
credence_n,p
gripe_v,n
crooked_a,n
visionary_a,p
welfare_a,p
welfare_n,p
haste_a,n
contentment_n,p
disaffirm_v,n
unilateralism_a,n
staunch_a,p
disadvantageous_n,n
unilateralism_n,n
time-honored_a,p
oblique_a,n
dare_v,p
mordant_a,n
sweetness_n,p
inefficacious_n,n
destitution_n,n
smother_v,n
confound_v,n
appal_v,n
torturous_a,n
temperance_n,p
despondency_n,n
bewildered_a,n
ego_n,n
concessions_n,n
ego_a,n
disorder_n,n
dissatisfactory_a,n
self-sufficient_a,p
impossible_a,n
incomplete_a,n
demeaning_a,n
insurrection_n,n
insurrection_a,n
invulnerable_a,p
helpful_a,p
self-destructive_a,n
concessions_a,n
advantages_a,p
splendid_a,p
gaggle_v,n
advantages_n,p
erudite_a,p
awful_a,n
strangle_v,n
discomfit_v,n
wickedness_n,n
unwise_a,n
object_v,n
wanton_a,n
facetious_a,n
simplified_a,p
seamless_a,p
mindful_a,p
superiority_n,n
superiority_a,n
forgiveness_n,p
dismal_a,n
conspiracies_a,n
inclined_a,p
necessary_a,p
smile_n,p
favor_a,p
smile_v,p
pledges_n,p
deviation_n,n
favor_v,p
pledges_a,p
adulatory_a,p
outshine_v,p
quitter_n,n
gladden_v,p
incautious_a,n
innovative_a,p
leak_v,n
unorthodox_a,n
unnerve_v,n
perspicuous_a,p
consent_v,p
fanatical_a,n
tranquility_a,p
discrepant_a,n
tranquility_n,p
hardhearted_a,n
passion_n,p
restraint_a,p
restraint_n,p
itch_v,n
merrily_a,p
malicious_a,n
propaganda_a,n
lambaste_v,n
fraternize_v,n
praise_n,p
propaganda_n,n
praise_v,p
leery_a,n
loopholes_a,n
vulgar_a,n
disobedient_a,n
preposterous_a,n
salutary_a,p
cohesive_a,p
nag_v,n
scant_a,n
despondence_n,n
live_a,p
plaything_n,n
retire_v,n
plaything_a,n
inundate_v,n
swagger_v,n
listless_a,n
compelling_a,p
ambitious_n,p
frolic_v,p
ambitious_a,p
compelling_n,p
gaudy_a,n
marvel_v,p
opulent_a,p
madness_n,n
ashamed_a,n
foreboding_a,n
strides_n,p
stubbornness_n,n
marvel_n,p
irreformable_a,n
strides_a,p
enflame_v,n
suspicions_a,n
booming_a,p
suspicions_n,n
trim_a,p
cost-effective_a,p
pout_v,n
zest_n,p
losing_a,n
juvenile_a,n
bitch_v,n
delirium_n,n
bemoaning_a,n
dissidence_n,n
divisive_a,n
ill-favored_a,n
trustworthiness_n,p
decency_n,p
deviousness_n,n
bomb_v,n
eternity_n,p
inspire_v,p
distressing_a,n
eternity_a,p
conscience_n,p
superfluous_a,n
apologist_a,n
coward_n,n
apologist_n,n
vain_a,n
slug_n,n
sheer_a,n
delinquent_a,n
reaffirm_n,p
sanctuary_n,p
sanctuary_a,p
maledict_n,n
maledict_v,n
inflammatory_a,n
elegant_a,p
inalienable_a,p
taint_v,n
indispensability_n,p
assure_v,p
energetic_n,p
sanctity_n,p
energetic_a,p
stand_v,p
innocently_a,p
consistent_a,p
murky_a,n
appease_v,p
manipulation_a,n
blatantly_a,n
rapt_v,p
deformed_a,n
complain_v,n
troublemaker_a,n
nationalism_a,n
appreciable_a,p
economical_a,p
nationalism_n,n
troublemaker_n,n
crush_v,n
brimstone_a,n
brimstone_n,n
veritable_a,p
skeletons_a,n
swear_v,n
skeletons_n,n
notable_a,p
apocalyptic_a,n
robust_a,p
notable_n,p
distinction_n,p
satisfactory_a,p
seedy_a,n
compatible_n,p
intimate_a,p
compatible_a,p
irreparable_a,n
unclear_a,n
narrower_a,n
cripple_v,n
charmingly_a,p
narrower_n,n
obey_v,p
prohibit_v,n
fearsome_a,n
irreconcilable_a,n
credulous_a,n
woo_v,p
comedy_a,n
anarchy_n,n
denunciate_v,n
lively_a,p
comedy_n,n
bankrupt_a,n
dubitable_a,n
famous_a,p
bravado_n,n
unlawful_a,n
bankrupt_v,n
prepared_a,p
villify_v,n
beacon_n,p
gawky_a,n
savvy_a,p
rival_v,n
anomaly_n,n
adequate_a,p
obliterated_a,n
functional_a,p
festive_a,p
misrepresent_v,n
rival_n,n
needless_a,n
tension_n,n
wide-open_a,p
intolerable_a,n
craze_n,n
impulsive_a,n
inculcate_v,n
tension_a,n
oppressors_a,n
villian_n,n
oppressors_n,n
quit_v,n
ludicrous_a,n
unlucky_a,n
disintegrate_v,n
sunny_a,p
pretence_a,n
resent_v,n
depress_v,n
chic_a,p
harridan_n,n
perturbed_a,n
persecution_n,n
preferences_a,p
thrift_n,p
steadiness_n,p
persecution_a,n
watchdog_n,n
immoral_a,n
ingenious_a,p
admirer_n,p
engaging_a,p
racist_n,n
grievance_n,n
meritorious_a,p
deplore_v,n
uncivil_a,n
vivacious_a,p
abundant_a,p
cogent_a,p
destructive_a,n
masterpieces_n,p
accord_v,p
disconcert_v,n
negation_n,n
toleration_n,p
inhumanity_n,n
indecision_n,n
impoverished_a,n
egotistical_a,n
auspicious_a,p
warfare_n,n
dignify_v,p
aspiration_n,p
sidetracked_a,n
exhilarate_v,p
irredeemable_a,n
contentious_n,n
renovate_v,p
contentious_a,n
admission_n,p
admission_a,p
enable_v,p
unlawfulness_a,n
unlawfulness_n,n
salacious_a,n
will_n,p
stealing_n,n
harsh_a,n
screw_v,n
imprecise_a,n
will_a,p
forgive_v,p
traitorously_a,n
dance_n,p
smug_a,n
slanderous_a,n
hilarity_n,p
bulky_a,n
buoyant_a,p
impinge_v,n
principled_a,p
dictator_n,n
overstatement_n,n
sap_v,n
sustainability_a,p
sustainability_n,p
virtue_n,p
overstatement_a,n
cancerous_a,n
fail_v,n
dissidents_n,n
dissidents_a,n
weary_v,n
illusions_n,n
illusions_a,n
marginal_a,n
rumor_n,n
promising_a,p
autocratic_n,n
autocratic_a,n
rumor_a,n
vital_a,p
disregardful_a,n
desiccate_v,n
viability_n,p
compliant_a,p
wilt_v,n
fatuous_a,n
tyrannical_a,n
compliant_n,p
prospect_n,p
hopelessness_n,n
lecher_n,n
affability_n,p
abandoned_a,n
poeticize_v,p
blister_v,n
entice_v,p
horrid_a,n
hearten_v,p
revoke_v,n
imminent_a,n
pacifist_n,p
offend_a,n
ideal_n,p
ideal_a,p
wince_v,n
offend_v,n
villains_n,n
disrespectable_a,n
villains_a,n
winnable_n,p
progressive_a,p
sophisticated_a,p
obviate_v,p
winnable_a,p
forbidden_a,n
discouragement_n,n
defense_n,p
efficient_a,p
versatile_a,p
shield_v,p
admonish_v,n
exacting_a,n
deject_v,n
immaculate_a,p
compensate_v,p
erroneous_a,n
pain_v,n
decisive_a,p
pain_n,n
drunken_a,n
pillar_n,p
pillar_a,p
nauseate_v,n
pain_a,n
brashness_n,n
modern_a,p
snub_v,n
bedlam_n,n
expansive_a,p
ignorance_a,n
importunate_a,n
ignorance_n,n
irresistible_a,p
repudiate_v,n
lifeblood_n,p
moribund_a,n
fashionable_a,p
condolences_n,n
qualify_a,p
enliven_v,p
spook_v,n
aspire_v,p
rage_v,n
dehumanize_v,n
qualify_v,p
skilled_a,p
aimless_a,n
skimpy_a,n
delusions_n,n
delusions_a,n
undocumented_a,n
ruthlessness_n,n
dream_v,p
regard_n,p
obnoxious_a,n
felonious_a,n
desertion_n,n
embroiled_a,n
angelic_a,p
pleasant_a,p
phony_a,n
invaluable_a,p
deference_n,p
swoon_v,n
elimination_n,n
joyful_a,p
unreliable_a,n
desire_n,p
bid-rigging_a,n
elate_v,p
desire_a,p
inextricable_a,n
desire_v,p
pernicious_a,n
anarchistic_a,n
disorderly_a,n
hatefulness_n,n
worry_n,n
disagree_v,n
worry_a,n
garish_a,n
unavoidable_a,n
ordeal_n,n
amicability_n,p
befitting_a,p
plot_v,n
grimace_v,n
disfavor_v,n
negative_a,n
conspicuous_n,n
frivolous_a,n
assault_n,n
assault_a,n
fancy_v,p
conspicuous_a,n
reservations_n,n
fancy_a,p
impartiality_n,p
reservations_a,n
clash_a,n
clash_n,n
smutty_a,n
disease_n,n
calumnies_n,n
traumatize_v,n
discourage_v,n
candor_n,p
refusal_a,n
stingingly_a,n
protracted_a,n
flout_v,n
vengefulness_n,n
accolades_n,p
polluter_n,n
asset_n,p
brat_n,n
polluter_a,n
resistant_n,n
stupified_a,n
catchy_a,p
embolden_v,p
soreness_n,n
resistant_a,n
apprehensions_n,n
apprehensions_a,n
fragile_n,n
eccentric_a,n
fragile_a,n
brotherly_a,p
sensitive_n,p
rumors_a,n
boggle_v,n
sensitive_a,p
refreshing_a,p
pledge_n,p
unprofitable_a,n
constrain_v,n
pledge_v,p
eclectic_a,p
domineering_a,n
stereotype_n,n
furious_a,n
pleas_a,n
pleas_n,n
domineering_n,n
rationality_a,p
aghast_a,n
rationality_n,p
barbarous_a,n
unaccustomed_a,n
hurt_v,n
comfort_v,p
hurt_a,n
try_v,n
clamorous_a,n
rife_a,n
breakdown_v,n
majesty_n,p
second-class_a,n
grief_n,n
headache_n,n
stiff_a,n
spiritual_a,p
iniquity_n,n
irritation_n,n
spiritual_n,p
blatant_a,n
erode_v,n
fustigate_v,n
deep_n,n
rift_a,n
rift_n,n
reactionary_a,n
welcome_n,p
maliciousness_n,n
subordinate_a,n
flakey_a,n
hardliner_n,n
incredulous_a,n
disquietude_n,n
stain_v,n
justify_v,p
bewilderment_n,n
thumbs_a,n
onslaught_n,n
onslaught_a,n
indiscreet_a,n
indiscreet_n,n
exemplary_a,p
bearish_a,n
sumptuousness_n,p
confusion_n,n
stinging_a,n
estranged_a,n
dilly-dally_v,n
suggestions_a,p
delighted_a,p
horrific_a,n
freakish_a,n
depression_a,n
appeal_v,p
fanciful_a,n
depression_n,n
appeal_a,p
hotbeds_n,n
debate_v,n
indestructible_a,p
hotbeds_a,n
appeal_n,p
forgave_v,p
hotheaded_a,n
devil_n,n
hegemonistic_a,n
richness_n,p
contention_n,n
onerous_a,n
smooth_a,p
appall_a,n
tedious_a,n
leading_a,p
placid_a,p
appall_v,n
flimsy_a,n
insignificant_a,n
clog_v,n
inarticulate_a,n
desolation_n,n
uncomfortable_a,n
murder_v,n
murder_n,n
odd_a,n
genocide_n,n
dazzle_v,p
crushing_a,n
genocide_a,n
edify_v,p
stew_v,n
frown_n,n
wayward_a,n
excessive_a,n
rapport_n,p
unbroken_a,p
constructive_n,p
frown_a,n
constructive_a,p
obscenity_n,n
treacherous_a,n
bold_a,p
immodest_a,n
coarse_a,n
bereavement_n,n
treason_n,n
uncommon_a,p
obese_n,n
accusations_a,n
accusations_n,n
toxic_a,n
obese_a,n
rifts_a,n
uncontrolled_a,n
blow_n,n
excite_v,p
blow_a,n
recklessness_n,n
misconceptions_a,n
distaste_n,n
misconceptions_n,n
fidget_v,n
smitten_v,p
reject_v,n
scruples_n,p
leech_n,n
undependability_n,n
leech_a,n
savagery_n,n
leech_v,n
assent_v,p
irreproachable_a,p
breathlessness_n,p
breathlessness_a,p
concur_v,p
delicacy_n,p
badly_a,n
lag_v,n
nimble_a,p
grace_n,p
pro-American_n,p
discord_n,n
bowdlerize_v,n
chore_n,n
indeterminable_a,n
astray_a,n
paradoxical_a,n
significance_n,p
fudge_v,n
backbite_v,n
challenging_a,n
fudge_n,n
fudge_a,n
insouciance_n,n
prideful_a,n
sexy_a,p
complaining_n,n
flame_a,p
defamations_n,n
flame_n,p
complaining_a,n
exultation_n,p
advice_n,p
advice_a,p
unconstitutional_a,n
overblown_a,n
electrification_a,p
dissolution_n,n
electrification_n,p
numb_v,n
important_a,p
invidiousness_n,n
exaltation_n,p
adroitly_a,p
disruptive_a,n
smart_a,p
dominate_v,n
arresting_a,p
smart_v,p
anxiety_n,n
liars_a,n
repel_v,n
contemptible_a,n
inopportune_a,n
dissension_n,n
fictional_a,n
support_a,p
elegance_n,p
bitchy_a,n
thorough_a,p
support_n,p
undo_v,n
suffice_v,p
stale_a,n
implicate_v,n
temerity_n,n
bleak_a,n
titillate_v,p
punctual_a,p
swiftness_n,p
gasp_n,n
extort_v,n
noticeable_a,p
credible_a,p
gasp_a,n
admire_v,p
dumbfound_v,n
overthrow_v,n
worthiness_a,p
doubts_n,n
doubts_a,n
omission_n,n
confession_n,n
disclaim_v,n
run-down_a,n
opponent_n,n
decadent_a,n
unencumbered_a,p
gullible_a,n
sparing_a,p
grim_a,n
offset_v,p
inhibition_n,n
overbalance_v,n
deceit_n,n
reluctant_a,n
literate_a,p
pugnacious_a,n
corrode_v,n
discomfititure_n,n
serene_a,p
vibrant_a,p
questionable_a,n
dungeon_n,n
salvation_n,p
imperialist_n,n
distressed_a,n
insolvent_a,n
asinininity_n,n
rancor_n,n
impassioned_a,p
rankle_v,n
famine_n,n
perplex_v,n
weaknesses_n,n
racists_n,n
weaknesses_a,n
struck_v,n
mope_v,n
jeopardize_v,n
blunder_n,n
blunder_a,n
criticize_v,n
decrease_n,n
excuse_v,p
help_v,p
law-abiding_a,p
help_a,p
animated_a,p
help_n,p
progress_n,p
miraculous_a,p
extremism_a,n
extremism_n,n
sting_n,n
closeness_n,p
progress_v,p
compulsive_a,n
closeness_a,p
sting_a,n
hideous_a,n
destined_a,p
disgruntled_a,n
highlight_n,p
highlight_v,p
homage_n,p
wrought_n,n
reinforce_v,p
yearning_n,p
wrought_a,n
useful_a,p
byzantine_a,n
morality_n,p
humour_a,p
humour_n,p
twisted_a,n
recourses_a,n
recourses_n,n
vileness_n,n
manic_a,n
crowded_a,n
uncertain_a,n
reverence_n,p
refuse_v,n
inconsequent_a,n
asperse_v,n
happy_a,p
fluster_v,n
worse_a,n
contaminate_v,n
liking_n,p
elated_a,p
prohibitive_a,n
gaff_n,n
misunderstandings_n,n
reluctance_n,n
reluctance_a,n
misunderstandings_a,n
diminishing_a,n
satisfying_a,p
elation_n,p
conducive_n,p
decreasing_a,n
conducive_a,p
cherished_a,p
servitude_n,n
forbid_a,n
miscreant_n,n
confrontational_a,n
apotheosis_n,p
obstacle_a,n
flaunt_v,n
anguish_n,n
obstacle_n,n
anguish_v,n
admiration_n,p
entertaining_a,p
charm_a,p
oppress_v,n
charm_n,p
charm_v,p
oppressiveness_n,n
supurb_a,p
confuse_v,n
yawn_n,n
eccentricity_n,n
yawn_v,n
syndrome_a,n
imprison_v,n
deficient_a,n
restriction_n,n
sticky_a,n
absence_n,n
pro-Beijing_a,p
pro-Beijing_n,p
trump_v,p
fat_a,n
rally_v,p
outraged_a,n
deplorable_a,n
obtuse_a,n
slothful_a,n
hell_n,n
positiveness_n,p
renounce_v,n
biting_a,n
enhance_v,p
mistified_a,n
uproot_v,n
thoughtless_a,n
serenity_n,p
frazzle_n,n
debaucher_n,n
enduring_a,p
fulminate_v,n
accessible_a,p
hail_v,p
frazzle_v,n
brilliance_n,p
alarm_v,n
alarm_a,n
preponderance_a,p
berate_v,n
preponderance_n,p
shortcoming_n,n
disinterested_a,n
orderly_a,p
divine_a,p
spare_v,p
foresight_n,p
understand_v,p
aversion_n,n
split_n,n
imperil_v,n
timid_a,n
split_v,n
exemplar_n,p
defender_n,p
defender_a,p
dummy_n,n
congratulations_n,p
congratulations_a,p
surmise_v,p
indescribable_a,p
injurious_a,n
daydream_v,p
liberalism_n,p
abhorrence_n,n
retract_v,n
hectic_a,n
traditional_a,p
invasive_a,n
curt_a,n
harrow_v,n
repulse_v,n
displeasure_n,n
unsafe_a,n
painful_a,n
imperturbable_a,p
enlighten_v,p
wreck_n,n
perfect_v,p
sane_a,p
levity_n,p
capitulate_v,n
wreck_v,n
queer_a,n
desiccated_a,n
uneasy_a,n
soundness_n,p
commonsense_n,p
unspecified_a,n
disgust_n,n
hazy_a,n
bother_n,n
poison_n,n
ill-advised_a,n
profanity_n,n
fury_n,n
disgust_v,n
poison_a,n
revulsive_a,n
chagrin_v,n
wry_a,p
lechery_n,n
merit_n,p
chagrin_n,n
stupendous_a,p
perfect_a,p
cohesion_n,p
welcome_v,p
fairness_a,p
thumbs_n,n
arbitrary_a,n
cheat_v,n
subordinate_n,n
welcome_a,p
worthlessness_n,n
ineffectualness_n,n
predatory_a,n
provoke_v,n
groundbreaking_a,p
groundbreaking_n,p
brook_v,p
strut_v,n
incompatible_a,n
sullen_a,n
incompatible_n,n
harassment_a,n
penalty_a,n
penalty_n,n
meek_a,p
cleanse_v,p
misunderstood_v,n
dexterity_n,p
toll_a,n
freedoms_a,p
freedoms_n,p
corrosive_a,n
toll_n,n
trumpet_v,p
sour_a,n
unhappiness_n,n
admiring_a,p
brainy_a,p
ingratiate_v,p
reticent_a,n
gripe_n,n
inexplicable_a,n
insignificance_n,n
asinine_a,n
beneficent_a,p
cancer_n,n
misdirection_n,n
practicable_a,p
unhappy_a,n
bellicose_n,n
illusory_a,n
pragmatic_a,p
trepidation_n,p
entrust_v,p
daunt_v,n
aggressor_n,n
resourcefulness_n,p
heathen_n,n
poisonous_a,n
bellicose_a,n
enslave_v,n
cynicism_n,n
inestimable_a,p
bless_v,p
inaccuracy_n,n
profuse_a,p
relish_v,p
noisy_a,n
ungovernable_n,n
ungovernable_a,n
bother_v,n
almighty_a,p
edgy_a,n
overawe_v,n
zealous_a,n
scapegoat_n,n
luck_n,p
tire_v,n
mean_a,n
whimper_v,n
intrude_v,n
inviolate_a,p
assassin_n,n
concede_v,n
apprehension_n,n
bereave_v,n
tease_v,n
troublesome_a,n
beleaguer_v,n
bruise_n,n
evade_v,n
mend_v,p
coupists_n,n
hard-hit_a,n
coupists_a,n
improbability_n,n
scarcity_n,n
waste_n,n
flaky_a,n
pitiable_a,n
waste_v,n
insinuation_a,n
illegitimate_a,n
insinuation_n,n
glossy_a,p
solidarity_a,p
solidarity_n,p
haste_n,n
neutralize_v,p
debasement_n,n
diplomatic_n,p
vigilant_a,p
exasperating_a,n
vigilant_n,p
diplomatic_a,p
succumb_v,n
heavyhearted_a,n
contagious_a,n
chronic_a,n
ferocious_a,n
subservience_n,n
sin_n,n
sin_a,n
champ_n,p
luckier_n,p
luckier_a,p
injustices_a,n
backward_a,n
steep_a,n
injustices_n,n
content_a,p
procrastination_n,n
content_v,p
dominance_a,n
deteriorate_a,n
fragrant_a,p
swore_v,n
disadvantageous_a,n
dominance_n,n
conviction_n,p
assurances_n,p
encourage_v,p
assurances_a,p
conviction_a,p
venerate_v,p
decrement_n,n
puppets_a,n
dash_v,n
isolate_v,n
wild_a,n
extoll_v,p
secure_a,p
dictatorial_a,n
impatient_a,n
beggar_n,n
dreamland_n,p
contend_v,n
natural_a,p
altruistically_a,p
comfortable_a,p
sympathetic_n,n
comfortable_n,p
manly_a,p
righteous_a,p
martyrdom_n,n
paramount_a,p
illusion_a,n
displace_v,n
obstinate_a,n
condemnable_a,n
dogged_a,n
encouragement_n,p
paucity_a,n
anger_v,n
aptitude_n,p
re-conquest_n,p
critics_n,n
anarchist_n,n
irrelevant_a,n
vex_v,n
critics_a,n
mocking_a,n
difficulty_a,n
difficulty_n,n
peeved_a,n
obscure_a,n
ineloquent_a,n
amenity_n,p
contradict_v,n
lewdness_n,n
lurking_a,n
aspersion_n,n
mollify_v,p
exorbitantance_n,n
temptation_n,n
rot_n,n
lousy_a,n
mad_a,n
emancipate_v,p
rot_v,n
insensitive_a,n
sincere_a,p
sourly_a,n
stylish_a,p
supporter_n,p
ploy_a,n
belated_a,n
filthy_a,n
salute_v,p
exhort_v,n
promoter_n,p
kaput_a,n
disbeliever_n,n
abominate_v,n
doubtful_a,n
advocate_v,p
startle_v,n
irregularity_n,n
offbeat_a,p
fracture_n,n
gorgeous_a,p
skeptical_n,n
stern_n,n
fracture_v,n
eulogize_v,p
spookier_a,n
stern_a,n
injury_n,n
skeptical_a,n
gibe_v,n
addiction_n,n
reinforcement_n,p
incompatibility_n,n
hegemonism_a,n
cross_a,n
forfeit_v,n
hegemonism_n,n
degrading_a,n
impeach_v,n
irate_a,n
urge_v,p
threats_n,n
threats_a,n
agitated_a,n
rant_v,n
scarier_a,n
masterpiece_n,p
sleazy_a,n
gain_n,p
gain_v,p
remorseless_a,n
insanity_n,n
cornerstone_a,p
grouch_n,n
subversive_a,n
cataclysmic_a,n
suave_a,p
miff_v,n
mordantly_a,n
fidgety_a,n
fanatics_n,n
instructive_a,p
friendliness_a,p
omit_v,n
twist_n,n
friendliness_n,p
twist_v,n
undependable_a,n
tenacious_a,p
pedantic_a,n
fatuity_n,n
persevere_v,p
striving_a,p
dissatisfied_a,n
striving_n,p
frenzy_n,n
drones_n,n
drones_a,n
disservice_a,n
disservice_n,n
bug_v,n
heartbreak_n,n
exclusive_a,p
abuses_n,n
abuses_a,n
strike_v,n
hesitant_a,n
infidel_n,n
nervousness_n,n
drive_n,p
neglected_a,n
disunity_n,n
protector_a,p
contort_v,n
flawless_a,p
protector_n,p
sobering_a,n
hopeless_a,n
insight_n,p
insight_a,p
implausible_a,n
attraction_a,p
attraction_n,p
cheap_a,n
nastiness_n,n
blackmail_v,n
unassailable_a,p
energize_v,p
hardship_n,n
understood_v,p
humanists_a,p
incitement_n,n
incitement_a,n
humanists_n,p
farfetched_a,n
miscalculation_n,n
regret_n,n
fear_n,n
regret_a,n
miscalculation_a,n
abhorred_a,n
regret_v,n
palatable_a,p
dangerousness_a,n
distinguish_v,p
dangerousness_n,n
enraged_a,n
impression_a,p
impression_n,p
unexpected_a,n
pains_a,n
improved_a,p
pains_n,n
mire_n,n
rue_v,n
civilize_a,p
leakage_n,n
spellbound_v,p
sympathy_a,n
mire_v,n
impressive_a,p
civilize_v,p
exuberant_a,p
astonishing_a,p
settle_a,p
brisk_a,p
racism_a,n
effortless_a,p
excellency_n,p
dim_a,n
subtract_v,n
negligent_a,n
bullies_a,n
menial_a,n
go-ahead_a,p
urgent_a,n
urgent_n,n
revenge_v,n
go-ahead_n,p
legendary_a,p
loophole_n,n
dearth_n,n
bright_a,p
betrayals_n,n
enrage_v,n
attain_v,p
empowerment_n,p
weed_n,n
revival_n,p
indeterminate_a,n
poisonously_a,n
smokescreen_n,n
semblance_n,p
smokescreen_a,n
vexation_n,n
insurmountable_a,n
blameworthy_a,n
catastrophes_n,n
kindliness_n,p
malcontent_n,n
mellow_a,p
malcontent_a,n
effusive_a,p
boredom_n,n
uniform_a,p
indefinite_a,n
temper_v,n
reprehensible_a,n
pity_n,n
heartless_a,n
slanders_n,n
slanders_a,n
jobless_a,n
shatter_v,n
adored_a,p
gratify_v,p
impaired_a,n
bitterness_n,n
petty_a,n
forbidding_n,n
insinuating_a,n
lucky_a,p
swipe_n,n
despair_v,n
lucky_n,p
courtly_a,p
rampant_a,n
penalize_v,n
aspirations_n,p
midget_a,n
sensation_a,p
cartoon_n,n
cartoon_a,n
sensation_n,p
midget_n,n
aspirations_a,p
star_n,p
star_a,p
confer_v,p
obsession_n,n
alienated_a,n
hysteric_a,n
hatred_n,n
trickery_n,n
debauchery_n,n
disillusion_n,n
disillusion_v,n
unsustainable_a,n
life-threatening_a,n
pure_a,p
aver_v,p
topple_v,n
wonderful_a,p
imprudence_n,n
lies_a,n
lies_n,n
affluent_a,p
parody_v,n
confrontation_n,n
contrary_a,n
confrontation_a,n
accountable_a,n
deter_v,n
garbage_n,n
risky_a,n
garbage_a,n
outrageous_a,n
sty_n,n
battering_a,n
jam_n,n
generous_a,p
battering_n,n
sty_a,n
scolding_n,n
devilment_n,n
interest_n,p
disappoint_v,n
empty_a,n
morbid_a,n
loathe_v,n
preoccupy_v,n
puppets_n,n
indomitably_a,p
ejaculate_v,n
deprave_v,n
onward_a,p
sneak_v,n
drama_a,n
drama_n,n
onward_n,p
revere_v,p
suspicious_a,n
rebuff_v,n
sneak_n,n
bolster_v,p
dispute_n,n
imperious_a,n
primitive_a,n
phobia_n,n
waning_n,n
dispute_v,n
primitive_n,n
rotten_a,n
prejudicial_a,n
unproductive_a,n
inclement_a,n
pertinent_a,p
antagonism_n,n
ruinous_a,n
adherent_a,p
mess_a,n
mess_n,n
unlicensed_a,n
miserableness_n,n
trustworthy_a,p
lunaticism_n,n
skill_n,p
impenitent_a,n
confess_v,n
overworked_a,n
favor_n,p
agile_a,p
lone_a,n
lone_n,n
complication_n,n
impersonal_a,n
rat_n,n
cautious_a,n
disrupt_v,n
lie_n,n
anti-US_n,n
anti-US_a,n
lie_a,n
lie_v,n
displaced_a,n
lax_n,n
lax_a,n
original_a,p
sob_v,n
desperation_n,n
castigate_v,n
sermonize_v,n
civility_n,p
vigilance_n,p
poverty_n,n
acridness_n,n
tricky_n,n
infamy_n,n
illuminate_v,p
tricky_a,n
guardian_n,p
charisma_n,n
unobserved_a,n
unbosom_v,p
reproach_v,n
low-risk_a,p
blissful_a,p
entreat_v,p
indignity_n,n
indignity_a,n
disconsolation_n,n
cooperation_n,p
joker_n,n
mudslinging_n,n
extraneous_a,n
decisiveness_n,p
decisiveness_a,p
unpretentious_a,p
historic_a,p
gamble_n,n
disproportionate_a,n
untrained_a,p
thrash_v,n
gamble_v,n
logical_a,p
bloody_a,n
monster_n,n
victorious_a,p
honest_a,p
pedestrian_a,n
honest_n,p
ill-sorted_a,n
lessen_v,n
magnetic_a,p
pardon_v,p
moderation_n,p
moderation_a,p
tidy_a,p
adaptable_a,p
fortune_n,p
fretful_a,n
fortune_a,p
limited_a,n
indispensable_a,p
terror-genic_n,n
bafflement_n,n
easygoing_a,p
quibble_v,n
indomitable_a,p
cooperative_a,p
frazzled_a,n
isolated_a,n
unsound_a,n
longing_n,n
praising_a,p
praising_n,p
ravage_v,n
stun_v,n
ample_a,p
inventive_a,p
agitator_n,n
hopes_n,p
hopes_a,p
procrastinate_v,n
pest_n,n
shred_v,n
uninsured_a,n
scare_v,n
horror_n,n
shred_n,n
slump_n,n
virus_n,n
virus_a,n
slump_a,n
shabby_a,n
atrocity_n,n
breakthrough_n,p
genius_n,p
grandiose_a,n
re-conquest_a,p
lethargy_n,n
spitefulness_n,n
scold_v,n
inconstant_a,n
propitious_a,p
unrest_n,n
ecstasy_n,p
amusing_a,p
beautify_v,p
paucity_n,n
crackdown_a,n
perish_v,n
unforeseen_a,n
nightmare_n,n
encouragement_a,p
immorality_n,n
lenient_a,p
mislead_v,n
reform_n,p
costly_a,n
anger_n,n
groove_v,p
dream_n,p
straggle_v,n
mentor_n,p
dream_a,p
overjoyed_a,p
halfhearted_a,n
disrespect_v,n
adept_a,p
unsupported_a,n
irrepressible_a,n
importance_n,p
greet_v,p
prevaricate_v,n
apologists_n,n
anger_a,n
brazenness_n,n
apologists_a,n
arrogant_a,n
astonish_v,p
ovation_a,p
ovation_n,p
bombastic_a,n
fidelity_n,p
wrestle_v,n
keen_a,p
keen_n,n
obscure_v,n
keen_v,n
mortifying_a,n
grieving_a,n
straightforward_a,p
ultra-hardline_a,n
jaunty_a,p
degrade_v,n
halfheartedly_a,n
hindrance_n,n
deploring_a,n
pinch_n,n
lean_a,p
inconsistency_n,n
lean_n,p
self-criticism_n,n
uttermost_a,p
self-criticism_a,n
disturb_v,n
provocative_a,n
self-serving_a,n
self-serving_n,n
provocative_n,n
disingenuous_a,n
diligent_a,p
needy_a,n
obsessive_a,n
slander_n,n
stunned_a,p
slander_v,n
exhaustive_a,p
recompense_n,p
downhearted_a,n
agreeable_a,p
breakthrough_a,p
discountenance_n,n
recompense_v,p
befoul_v,n
oversight_n,n
skulk_v,n
obstruct_v,n
strained_a,n
exclaim_v,n
loopholes_n,n
plausibility_n,p
might_n,p
harmless_a,p
sinful_a,n
motionless_a,n
recommendation_n,p
jollify_v,p
biased_a,n
condescension_n,n
goodwill_n,p
laud_v,p
goodwill_a,p
biased_n,n
uneasiness_a,n
generosity_n,p
uneasiness_n,n
incongruous_a,n
bane_n,n
lifelong_a,p
spoil_v,n
ugliness_a,n
ugliness_n,n
unanimous_a,p
acclaim_v,p
rapture_n,p
warning_a,n
warning_n,n
impasse_n,n
hopefulness_n,p
slur_n,n
realist_n,p
posturing_n,n
scandalized_a,n
bemoan_v,n
unsophisticated_a,n
indulge_v,n
posturing_a,n
scream_v,n
disaffect_v,n
clean_a,p
classic_n,p
liars_n,n
marvellous_a,p
ingratitude_n,n
perfection_n,p
aggravate_v,n
valiant_a,p
renunciation_n,n
monotonous_a,n
utilitarian_a,p
slender_a,p
convincing_n,p
convincing_a,p
discretion_n,p
felon_n,n
misguidance_n,n
respect_a,p
respect_n,p
debacle_n,n
shocking_a,n
impetuous_a,n
impediment_n,n
dump_n,n
prolific_a,p
erosion_n,n
decadence_n,n
hospitable_a,p
envisions_a,p
openly_a,p
envisions_n,p
capable_a,p
affectation_n,n
degradation_n,n
fulfillment_a,p
irrationality_n,n
fulfillment_n,p
vomit_n,n
vomit_v,n
meticulously_a,p
authoritative_a,p
vouch_v,p
absent-minded_a,n
illiquid_a,n
judicious_a,p
talented_a,p
chastise_v,n
amenable_a,p
fatalistic_a,n
weakness_n,n
intimidation_n,n
jeers_n,n
intimidation_a,n
weakness_a,n
withhold_v,n
absurdity_n,n
hamper_v,n
prate_v,n
diabolical_a,n
maltreatment_n,n
babble_v,n
disrespectablity_n,n
rightful_a,p
dejection_n,n
recession_n,n
sully_v,n
distraction_a,n
trivialize_v,n
distraction_n,n
remedy_n,p
stake_n,n
recessionary_a,n
stake_a,n
smear_v,n
cannibalize_v,n
boil_v,n
maniac_n,n
contempt_n,n
harbors_a,n
undetermined_a,n
harbors_n,n
punitive_n,n
punitive_a,n
insistent_a,p
bar_v,n
critic_n,n
impress_v,p
inspirational_a,p
ploy_n,n
bizarre_a,n
meager_a,n
concrete_a,p
reproachful_a,n
restless_a,n
recant_v,n
heretical_a,n
quaint_a,p
rocky_a,n
personality_a,p
monstrosity_n,n
personality_n,p
gutsy_a,p
gloom_n,n
provocation_a,n
quandary_n,n
unable_a,n
inflict_v,n
provocation_n,n
ultimatum_n,n
promoter_a,p
stole_v,n
polite_a,p
illogic_n,n
hazard_v,n
insufficient_a,n
inequality_a,n
hazard_n,n
tact_n,p
inequality_n,n
discrimination_n,n
intelligent_a,p
comely_a,p
discrimination_a,n
attentive_a,p
solemn_a,n
solemn_n,n
grudges_n,n
abilities_n,p
brightness_n,p
panic_v,n
grudges_a,n
butchery_n,n
panic_n,n
lame_a,n
destinies_n,p
destinies_a,p
resourceful_a,p
evils_a,n
satirical_a,n
brusque_a,n
prestigious_a,p
misunderstand_v,n
cringe_v,n
practical_a,p
harass_v,n
smut_n,n
flourish_a,p
ridicule_n,n
mockeries_n,n
slack_a,n
ridicule_v,n
soften_a,p
soften_n,p
abject_a,n
uproarous_a,n
soften_v,p
kingmaker_n,p
remorse_n,n
bewildering_a,n
cursed_a,n
cry_v,n
optimal_a,p
unreliability_a,n
infringe_v,n
grateful_a,p
stump_v,n
renovation_n,p
saintly_a,p
battle_v,n
sublime_a,p
intransigence_n,n
picturesque_a,p
superficial_a,n
full-fledged_a,p
superficial_n,n
dreams_n,p
impatience_n,n
demolisher_n,n
heartbreaking_a,n
capably_a,p
appalling_a,n
regress_v,n
uphold_v,p
non-violent_a,p
loyal_a,p
misinterpret_v,n
beggarly_a,n
manifest_a,p
overemphasize_v,n
mere_a,n
tense_a,n
amazement_n,p
courteous_a,p
ill-fated_a,n
wastefulness_n,n
retreat_v,n
allergic_a,n
awed_a,p
smuttiest_a,n
polished_a,p
retreat_n,n
resolve_v,p
eager_a,p
resolve_a,p
lecherous_a,n
misstatement_n,n
resolve_n,p
misery_n,n
weakening_n,n
disintegration_n,n
weakening_a,n
abate_v,n
expert_a,p
fluent_a,p
lifeless_a,n
infidels_n,n
humane_a,p
inefficacious_a,n
transgress_v,n
enchant_v,p
commonplace_a,n
opinionated_a,n
plague_v,n
plague_a,n
fret_v,n
plague_n,n
moral_a,p
sacrifice_n,n
sacrifice_a,n
world-famous_a,p
obedient_a,p
moral_n,p
struggle_a,n
light_a,p
light_n,p
well-educated_a,p
blunt_a,n
praiseworthy_a,p
struggle_n,n
bonkers_n,n
threat_a,n
heresy_n,n
threat_n,n
bonkers_a,n
disavowal_n,n
complaint_n,n
prisoner_n,n
wishing_n,p
blurt_v,n
shadow_v,n
bragger_n,n
informative_a,p
jubilation_n,p
nuisance_a,n
spotty_a,n
cute_a,p
nuisance_n,n
gentle_a,p
grate_v,n
unpleasant_a,n
racist_a,n
dislocated_a,n
indelible_a,p
assail_v,n
effigy_n,n
terrible_a,n
pretence_n,n
irretrievable_a,n
lazy_a,n
brittle_a,n
enrapt_a,p
less-developed_a,n
bewilder_v,n
plausible_a,p
treachery_n,n
upright_a,p
game_a,n
empathize_v,n
uneven_a,n
indolent_a,n
lethargic_a,n
receptive_a,p
resentful_a,n
misbecoming_a,n
awe_v,p
moody_a,n
awe_n,p
purposeful_a,p
entrancing_a,p
worrisome_a,n
back_v,p
darken_v,n
rupture_v,n
slaves_a,n
fatal_a,n
slaves_n,n
incisive_a,p
avid_a,p
unattractive_a,n
accede_v,p
excitement_n,p
autocrat_n,n
hapless_a,n
likable_a,p
attainable_a,p
hazardous_a,n
proscription_a,n
lush_a,p
purify_v,p
proscription_n,n
pressing_a,n
abhors_a,n
uproar_n,n
shake_v,n
abhors_n,n
attune_a,p
pressing_n,n
tyranny_n,n
despotic_a,n
inadequate_a,n
blab_v,n
pretense_a,n
privileged_a,p
pro-American_a,p
unity_n,p
unity_a,p
reconcile_v,p
pretense_n,n
inexpensive_a,p
grisly_a,n
disorient_v,n
rebellious_a,n
enlightenment_n,p
supreme_a,p
marvelousness_n,p
justice_n,p
glitch_n,n
profusion_n,p
disarm_v,n
civilization_n,p
down_n,n
fallaciousness_n,n
blasphemous_a,n
stability_a,p
stability_n,p
hassle_n,n
disallow_v,n
domineer_v,n
mourn_v,n
denial_n,n
anti-Semites_a,n
anti-Semites_n,n
cornerstone_n,p
defiant_a,n
entanglement_n,n
indelibly_a,p
gloss_v,n
prejudice_a,n
qualms_n,n
qualms_a,n
thrive_v,p
prejudice_n,n
cow_v,n
jealousness_n,n
torture_v,n
misjudge_v,n
torture_n,n
miss_v,n
rumple_v,n
amputate_v,n
berserk_a,n
scheme_v,n
nebulous_a,n
nebulous_n,n
scheme_n,n
wealthy_a,p
hale_a,p
displeasure_a,n
absurd_a,n
so-cal_a,n
barbarian_n,n
uneventful_a,n
barbarian_a,n
rights_n,p
vintage_a,p
untenable_a,n
rights_a,p
wish_n,p
masterful_a,p
accomplishment_n,p
wish_a,p
delicate_a,p
unqualified_a,n
disadvantaged_a,n
wish_v,p
glower_v,n
entrapment_n,n
award_v,p
heathen_a,n
tempest_n,n
incoherent_a,n
award_a,p
bonny_a,p
memorable_a,p
delicious_a,p
naive_a,n
sedentary_a,n
improve_v,p
fright_n,n
downside_n,n
savage_v,n
rash_a,n
jittery_a,n
savage_a,n
savage_n,n
illusion_n,n
uncompetitive_a,n
desperate_a,n
timely_a,p
nourishing_a,p
lawlessness_a,n
lawlessness_n,n
elan_n,p
incompliant_a,n
dogmatic_a,n
deign_v,n
prickles_a,n
prickles_n,n
expropriation_n,n
enthrall_v,p
illumine_v,p
expropriation_a,n
friction_n,n
thrill_n,p
continuity_n,p
friction_a,n
mortified_a,n
quarrelsome_a,n
threatening_a,n
encroach_v,n
thrill_v,p
threatening_n,n
educated_a,p
deft_a,p
beautiful_a,p
defensive_a,n
infirm_a,n
enjoyment_n,p
masters_n,p
masters_a,p
drastically_a,n
irritated_a,n
trivial_a,n
muddle_v,n
magical_a,p
degenerate_a,n
aggressiveness_n,n
realistic_a,p
inefficacy_n,n
awesomeness_n,p
degenerate_v,n
apocalypse_n,n
ambush_n,n
traumatic_a,n
ambush_v,n
stab_v,n
kindness_n,p
swipe_a,n
symptom_n,n
incorruptible_a,p
fierce_a,n
liberation_a,p
liberation_n,p
spoon-feed_v,n
distasteful_a,n
prospects_a,p
rebuke_v,n
ill-conceived_a,n
prospects_n,p
inability_n,n
bedlamite_n,n
unkind_a,n
inability_a,n
acrimony_n,n
embellish_v,p
grouse_v,n
manipulation_n,n
deserve_v,p
commensurate_a,p
lament_v,n
incessant_a,n
condolences_a,n
miseries_n,n
jolt_v,n
heavy-handed_a,n
impair_v,n
boost_v,p
substantive_a,p
intrusive_a,n
boost_a,p
surpass_v,p
imperfect_a,n
unsuccessful_a,n
stabilize_v,p
lesser-known_a,n
celebrated_a,p
acrid_a,n
infraction_n,n
mirth_n,p
inescapable_a,n
luckily_a,p
ghetto_n,n
fickle_a,n
abscond_v,n
placate_v,p
throttle_v,n
dragons_n,n
intermittent_a,n
assertive_a,p
dragons_a,n
despondent_a,n
dodge_a,p
dodge_n,p
less-expensive_a,p
accurate_a,p
upward_a,p
abusive_a,n
incomparable_a,n
thirst_v,n
conclusive_a,p
obliterate_v,n
oversimplified_a,n
thirst_n,n
innuendo_a,n
innuendo_n,n
skillful_n,p
ill-tempered_a,n
irritant_n,n
misbehavior_n,n
intransigence_a,n
comrades_n,p
priceless_a,p
disinterest_n,n
comrades_a,p
farce_n,n
shambles_a,n
impurity_n,n
jealousy_n,n
misapprehend_v,n
prudent_a,p
defiance_n,n
determination_a,p
guile_n,n
disable_v,n
desirable_a,p
determination_n,p
thwart_v,n
volatile_a,n
coerce_v,n
basic_a,p
lier_n,n
inferiority_n,n
shy_a,n
avaricious_a,n
defame_v,n
defiance_a,n
break-point_a,n
console_v,p
compromises_a,p
deception_a,n
compulsory_a,n
unspeakable_a,n
deception_n,n
compromises_n,p
antagonize_v,n
offence_a,n
offence_n,n
distracting_a,n
aloof_a,n
venom_n,n
venom_a,n
harms_a,n
despoiler_n,n
bunk_n,n
turbulent_a,n
yelp_v,n
harms_n,n
infallible_a,p
myth_n,n
frighteningly_a,n
disrespectfulness_n,n
myth_a,n
lack_a,n
interests_n,p
lack_n,n
scandalize_v,n
mundane_a,n
gush_v,p
excoriate_v,n
disconcerted_a,n
upside_a,p
formidable_a,n
upside_n,p
chum_n,p
upheaval_n,n
preference_n,p
affirmative_n,p
loot_v,n
heretic_n,n
overpower_v,n
amusement_a,p
smash_v,n
amusement_n,p
snare_n,n
smash_n,n
repugn_v,n
luxury_n,p
ramshackle_a,n
motivation_n,p
motivation_a,p
luxury_a,p
monstrous_a,n
defeat_n,n
aggression_a,n
aggression_n,n
defeat_v,n
eschew_v,n
blindness_a,n
responsibility_n,p
heal_v,p
liar_n,n
experienced_a,p
liar_a,n
ambivalent_n,n
like_v,p
ambivalent_a,n
success_n,p
astonished_a,p
care_v,p
success_a,p
miscreants_n,n
concern_n,n
demon_n,n
concern_a,n
lanky_a,n
second-tier_a,n
biases_n,n
concern_v,n
lucrative_n,p
bumpy_a,n
luminous_a,p
sanity_n,p
evasion_n,n
sanity_a,p
uplift_v,p
reclaim_v,p
atrocities_n,n
apotheosis_a,p
feckless_a,n
meaningful_a,p
absurdness_n,n
distortion_n,n
pessimistic_a,n
insulting_a,n
distortion_a,n
tolerate_v,p
revengeful_a,n
marvelous_a,p
inordinate_a,n
correct_a,p
pleasure_n,p
retaliatory_a,n
mature_a,p
pleasure_a,p
shady_a,n
manipulate_v,n
starve_v,n
problematic_a,n
problematic_n,n
neglect_v,n
love_v,p
affordable_a,p
fallacies_a,n
neglect_n,n
love_n,p
debilitate_v,n
fallacies_n,n
funny_a,p
simplify_v,p
pitiless_a,n
eagerness_n,p
meticulous_a,p
shunned_a,n
glow_v,p
inhumane_a,n
battleground_a,n
oasis_n,p
battleground_n,n
bastard_n,n
belittled_a,n
frail_a,n
imprisonment_n,n
frenzied_a,n
unsteady_a,n
unsteadiness_n,n
cloud_v,n
greed_n,n
fictitious_a,n
surge_n,p
entrance_v,p
usurp_v,n
endorser_n,p
precious_a,p
craving_n,p
unipolar_n,n
unipolar_a,n
diligence_n,p
precious_n,p
legitimacy_n,p
dazzled_a,p
bargain_n,p
nettle_v,n
adversity_n,n
chill_v,n
enrapture_v,p
vivid_a,p
captivate_v,p
unfaithful_a,n
calmness_n,p
deaf_a,n
incite_v,n
ecstasies_n,p
endurable_a,p
sinking_a,n
sinking_n,n
annoyed_a,n
gross_a,n
consummate_a,p
untrustworthy_a,n
tickle_v,p
defunct_a,n
enormity_n,n
acceptable_a,p
little-known_a,n
chilly_a,n
constancy_n,p
adore_v,p
suffer_v,n
hunger_v,n
vainly_a,n
torrent_n,n
equivocal_a,n
moot_a,n
impede_v,n
compulsion_n,n
audacious_a,n
candid_a,p
growl_v,n
moving_a,p
self-interest_n,n
necessarily_a,p
frustrated_a,n
displease_v,n
injustice_n,n
unwieldy_a,n
injustice_a,n
vociferous_a,n
risk_a,n
individuality_n,p
moderate_a,p
worthwhile_a,p
risk_n,n
opportune_a,p
meanness_n,n
gabble_v,n
quasi-ally_a,p
disaccord_n,n
quasi-ally_n,p
comeback_n,p
uprising_n,n
solace_v,p
undid_v,n
lucrative_a,p
comeback_a,p
blasphemy_n,n
callous_a,n
charming_a,p
motley_a,n
enjoy_v,p
discriminate_v,n
overdo_v,n
powerful_a,p
obsessions_n,n
hysterics_n,n
unauthentic_a,n
endearing_a,p
complex_a,n
indiscriminate_a,n
scariest_a,n
harmony_a,p
harmony_n,p
shiver_v,n
vice_n,n
unwarranted_a,n
exploit_v,n
faithful_a,p
squarely_a,p
faithful_n,p
anti-_n,n
wedge_a,n
portable_a,p
evasive_a,n
breakthroughs_a,p
conflict_n,n
withheld_v,n
conflict_a,n
breakthroughs_n,p
heartrending_a,n
belittle_v,n
fear_v,n
refine_v,p
accusation_n,n
vanquish_v,p
purity_n,p
ruthless_a,n
dupe_v,n
accusation_a,n
gold_n,p
ill-usage_n,n
revitalize_v,p
disparaging_a,n
niggle_v,n
spank_v,n
disgrace_v,n
traitorous_a,n
disgrace_n,n
taboo_a,n
harried_a,n
immoderate_a,n
clumsy_a,n
nice_a,p
inaccessible_a,n
undaunted_a,p
quicken_v,p
impropriety_n,n
empathy_n,n
concession_a,n
grind_a,n
grind_n,n
impregnable_a,p
concession_n,n
emptiness_a,n
calumniate_v,n
tortured_a,n
freedom_a,p
freedom_n,p
emptiness_n,n
belie_v,n
anti-white_a,n
mismanage_v,n
unyielding_a,n
anti-white_n,n
disappointment_n,n
disappointment_a,n
litigious_a,n
rhapsodize_v,n
awesome_a,p
non-violence_n,p
terribleness_n,n
dedicated_a,p
competitive_n,p
competitive_a,p
besiege_v,n
sunder_v,n
downfall_n,n
egregious_a,n
ardor_n,p
posterity_n,p
blaspheme_v,n
lover_n,p
paranoia_n,n
disreputable_a,n
adoring_a,p
inaccurate_a,n
resolute_a,p
friend_n,p
discriminating_a,p
friend_a,p
condolence_n,n
muddy_a,n
bloodshed_n,n
expire_v,n
sadden_v,n
insist_v,p
loathsome_a,n
spurious_a,n
persecute_v,n
wasteful_a,n
inconsiderate_a,n
stood_v,p
disorganized_a,n
offensiveness_n,n
glitter_a,p
dreary_a,n
truant_a,n
considerate_a,p
fertile_n,p
fertile_a,p
false_a,n
curses_n,n
wounds_n,n
diminish_v,n
wounds_a,n
interruption_n,n
durability_n,p
profitable_a,p
greatest_a,p
defective_a,n
downcast_a,n
rusty_a,n
fiend_n,n
pro-peace_a,p
extol_v,p
stormy_a,n
pro-peace_n,p
rue_a,n
childish_a,n
weaken_v,n
doddering_a,n
denounce_v,n
overdue_a,n
raptureous_a,p
sympathy_n,n
petrified_a,n
insensible_a,n
angel_n,p
enviousness_n,n
negate_v,n
spot_a,n
presumptuous_a,n
accolade_n,p
fibber_n,n
knave_n,n
everlasting_a,p
fuzzy_a,n
dastard_n,n
argument_n,n
drab_a,n
argument_a,n
protection_n,p
overtaxed_a,n
commend_v,p
skepticism_a,n
sincerity_n,p
eloquent_a,p
sincerity_a,p
unabashed_a,p
skepticism_n,n
usable_a,p
totalitarian_a,n
fist_n,n
discordant_a,n
restoration_n,p
inflame_v,n
preferences_n,p
maladjustment_n,n
submissive_a,n
avarice_n,n
heroine_n,p
brute_n,n
wariness_n,n
stupor_n,n
watchdog_a,n
unconfirmed_a,n
appealing_a,p
sufficient_a,p
rollercoaster_a,n
strong_a,p
rollercoaster_n,n
cataclysmal_a,n
sensitivity_n,p
sensitivity_a,p
sanctimonious_n,n
sanctimonious_a,n
wonderous_a,p
cordial_a,p
deteriorating_n,n
seasoned_a,p
deteriorating_a,n
belabor_v,n
faithfulness_n,p
stammer_v,n
adhesion_n,p
gladness_n,p
futile_a,n
baseless_a,n
adherence_n,p
squash_v,n
bullies_n,n
close_a,n
dependable_a,p
commodious_a,p
unleash_v,n
boldness_n,p
glib_a,n
devotee_n,p
inertia_a,n
chivalrous_a,p
vindictiveness_n,n
anti-Israeli_a,n
pathetic_a,n
prosperity_a,p
prosperity_n,p
puny_a,n
sufferer_n,n
suicide_n,n
anti-Israeli_n,n
suffering_a,n
ease_v,p
decrepitude_n,n
tragedy_n,n
chivalry_n,p
ease_n,p
envious_a,n
tragedy_a,n
self-sufficiency_n,p
wretch_n,n
self-sufficiency_a,p
dishonor_n,n
captivation_n,p
golden_a,p
exalt_v,p
collusion_n,n
breach_n,n
discriminatory_a,n
dislike_v,n
egalitarian_a,p
breach_a,n
resplendent_a,p
unlimited_a,p
impedance_n,n
suitable_a,p
irrational_a,n
invalidate_v,n
competence_n,p
inappropriate_a,n
imperial_a,p
rousing_a,p
insatiable_a,n
concerns_a,n
tantalize_v,p
disordered_a,n
concerns_n,n
dishonest_n,n
dishonest_a,n
mendacity_n,n
jaundiced_a,n
unfulfilled_a,n
assiduous_a,p
oppressive_a,n
handsome_a,p
buckle_v,n
fascism_n,n
diffidence_a,n
diffidence_n,n
fascism_a,n
devastation_n,n
crusader_n,p
insane_a,n
intimidate_v,n
reviled_a,n
complaints_a,n
complaints_n,n
jeopardy_n,n
debauch_v,n
trying_a,n
brutality_n,n
understate_v,p
loveliness_n,p
zeal_n,p
lacking_a,n
figurehead_n,n
huckster_n,n
worship_v,p
destroy_v,n
eternal_a,n
spirit_a,p
upset_v,n
prejudge_v,n
cold_a,n
corrupt_a,n
audacity_n,n
corrupt_v,n
expedient_a,n
vie_v,n
low_a,n
traumatized_a,n
anxieties_n,n
smuttier_a,n
thoughtfulness_n,p
adventuresome_n,p
wretched_a,n
mediocrity_n,n
surging_a,p
zenith_n,p
contrive_v,n
grumble_v,n
liability_a,n
liability_n,n
lech_n,n
entrap_v,n
blemish_v,n
precautions_n,p
knock_v,n
knock_n,n
arduous_a,n
potential_n,p
potential_a,p
dullard_n,n
macabre_a,n
crusade_n,p
crusade_a,p
clarity_a,p
expose_v,n
suspicion_a,n
disprove_v,n
flattering_a,p
iniquitous_a,n
suspicion_n,n
noble_a,p
protective_a,p
misjudgment_n,n
division_n,n
lambast_v,n
optimistic_a,p
rigor_n,n
top_a,p
foolishness_n,n
well_a,p
secretive_a,n
quash_v,n
magic_a,p
ruffian_n,n
goading_a,n
smack_n,n
smack_a,n
virulence_n,n
officious_a,n
normal_a,p
avoidance_n,n
captive_a,n
heck_n,n
remorselessness_n,n
heck_a,n
annihilate_v,n
traitor_n,n
deal_n,p
brutalising_n,n
brutalising_a,n
invidious_a,n
right_a,p
disruption_a,n
disruption_n,n
peaceable_a,p
right_n,p
infest_v,n
right_v,p
courtesy_n,p
fervent_a,p
dead_a,n
navigable_a,p
tyrant_n,n
fantasy_n,p
pity_v,n
mockery_n,n
fantasy_a,p
passe_a,n
cruel_a,n
eradicate_v,n
exuberance_n,p
oppositions_a,n
taboo_n,n
enthuse_v,p
oppositions_n,n
molest_v,n
competent_a,p
smoulder_v,n
besmirch_v,n
pertinacious_a,n
encouraging_n,p
blossom_v,p
abolish_v,n
encouraging_a,p
debilitating_a,n
kiss_n,p
overachiever_n,p
compel_v,n
argue_v,n
poetic_a,p
storm_v,n
soft-spoken_a,p
baffle_v,n
fastuous_a,n
humor_v,p
excessively_a,n
unreasonable_a,n
upgrade_v,p
harangue_v,n
awkwardness_n,n
sturdy_a,p
demonize_v,n
inane_a,n
nemesis_n,n
enthusiast_n,p
airs_n,n
airs_a,n
grandeur_n,p
egotism_n,n
unhealthy_a,n
difficult_a,n
adverse_a,n
wary_a,n
glaring_a,n
lower-priced_a,p
feat_n,p
hungry_a,n
inefficiency_n,n
trample_v,n
ambiguity_n,n
worn_a,n
junk_n,n
rave_v,p
worn_v,n
frustrate_v,n
irregular_a,n
befriend_v,p
pollute_v,n
wane_v,n
puzzlement_n,n
black_a,n
distress_v,n
adulate_v,p
outdo_v,p
idealize_v,p
ache_v,n
dwindle_v,n
able_a,p
foe_n,n
sharp_a,n
acknowledgement_n,p
allege_v,n
killer_n,n
helpless_a,n
despair_n,n
dance_v,p
perplexity_n,n
hypocritical_a,n
stressful_a,n
equitable_a,p
cranky_a,n
exclude_v,n
approve_v,p
flair_n,p
incognizant_a,n
bargain_a,p
winners_a,p
conquer_v,p
workable_a,p
carnage_n,n
caustic_a,n
chafe_v,n
advocacy_n,p
overact_v,n
stifle_v,n
lark_v,p
headaches_n,n
appreciation_a,p
appreciation_n,p
eliminate_v,n
headaches_a,n
extravagant_a,n
persistent_a,p
conciliate_v,p
reputable_a,p
persistent_n,p
bombardment_n,n
bombardment_a,n
drunk_a,n
punch_a,n
adventurism_n,p
punch_n,n
privilege_n,p
seriousness_n,n
doomsday_a,n
sloth_n,n
qualified_a,p
rail_v,n
patient_n,p
fundamentalism_a,n
retard_v,n
fundamentalism_n,n
patient_a,p
disoriented_a,n
condemn_v,n
disregard_n,n
collapse_a,n
finely_a,p
travesty_n,n
disregard_a,n
travesty_v,n
collapse_v,n
profound_a,p
authoritarian_a,n
cruelty_n,n
revulsion_n,n
morbidly_a,n
inconclusive_a,n
celebrate_v,p
heedless_a,n
gibber_v,n
oblivious_a,n
oblivious_n,n
losing_n,n
accept_v,p
gem_n,p
lionhearted_a,p
famously_a,p
outlaw_n,n
gem_a,p
cursory_a,n
fraudulent_a,n
wiles_n,n
accomplishments_n,p
respectable_a,p
momentous_a,p
pittance_n,n
terrified_a,p
unreliability_n,n
civil_a,p
deceiver_n,n
anomalous_a,n
amnesty_n,p
well-wishers_n,p
well-wishers_a,p
dexterous_a,p
lustrous_a,p
phobic_a,n
evildoer_n,n
integrity_n,p
static_a,n
downfallen_n,n
survivor_n,p
awkward_a,n
wishing_a,p
dragoon_v,n
meddle_v,n
forget_v,n
modest_a,p
haphazard_a,n
intercede_v,p
worrier_n,n
extortion_n,n
long_v,n
criticisms_n,n
criticisms_a,n
lewd_a,n
importune_v,n
rude_a,n
revile_v,n
hypocritically_n,n
weariness_n,n
delusional_a,n
insular_a,n
obstruction_n,n
endanger_v,n
maxi-devaluation_a,n
banishment_n,n
underlings_n,n
tormented_a,n
honeymoon_n,p
maxi-devaluation_n,n
error_n,n
spur_v,p
underlings_a,n
swindle_v,n
error_a,n
oddities_n,n
sacred_a,p
conceivable_n,p
conceivable_a,p
disaster_n,n
busybody_n,n
oddities_a,n
dynamic_a,p
tepid_a,n
incompetent_a,n
superstition_n,n
exult_v,p
stolen_v,n
wail_v,n
idol_a,p
stolen_a,n
idol_n,p
mistake_n,n
vulnerable_a,p
affectionate_a,p
vulnerable_n,p
mistake_a,n
disgustful_a,n
vanity_n,n
inexplainable_a,n
enhanced_a,p
extreme_a,n
implode_v,n
cruelties_n,n
deepening_n,n
humiliation_n,n
deepening_a,n
low-rated_a,n
melancholy_a,n
belligerence_n,n
blessing_n,p
suppress_v,n
inconsolable_a,n
apathy_n,n
hate_v,n
hell-bent_a,n
atrophy_v,n
racism_n,n
aggravating_a,n
sorry_a,n
well-received_a,p
hilarious_a,p
patriotic_a,p
simplicity_n,p
impudent_a,n
ineffectiveness_n,n
decrease_v,n
preach_v,p
definite_a,p
assuage_v,p
lunatic_n,n
indignation_n,n
displeasing_a,n
stink_v,n
degeneration_n,n
prospect_a,p
stink_n,n
commendable_a,p
underpaid_a,n
spectacular_a,p
genuine_a,p
convenient_a,p
impressions_a,p
impressions_n,p
dizzing_a,n
dawdle_v,n
impure_a,n
co-operation_n,p
ugly_a,n
co-operation_a,p
hanker_v,p
inconceivable_a,n
beware_v,n
modesty_n,p
dull_a,n
sly_a,n
originality_n,p
molestation_n,n
siege_n,n
ascendant_a,p
emotional_a,n
facilitate_v,p
wide-ranging_a,p
inhospitality_n,n
perfidity_n,n
indebted_a,p
effective_a,p
glare_v,n
snarl_v,n
fun_a,p
sympathetic_a,n
fun_v,n
glare_n,n
snarl_n,n
sugar-coat_v,n
stunt_n,n
revive_v,p
errant_a,n
angry_a,n
scourge_n,n
hothouse_n,n
culpable_a,n
hothouse_a,n
significant_a,p
imposers_n,n
imposers_a,n
appreciate_v,p
heartwarming_a,p
detriment_n,n
jest_v,p
intact_a,p
cooperate_v,p
self-interest_a,n
crafty_a,n
deterioration_n,n
severity_n,n
dehumanization_n,n
inexperienced_a,n
full-blown_a,n
scarred_a,n
matchless_a,p
lost_a,n
rescue_n,p
insolent_a,n
well-regarded_a,p
hasty_a,n
immature_a,n
hobble_v,n
astound_v,p
unforgettable_a,p
above-average_a,p
bum_n,n
lugubrious_a,n
freak_v,n
failure_n,n
confront_v,n
timidity_n,n
freak_n,n
germane_a,p
failure_a,n
understandable_a,p
viper_n,n
barren_a,n
benign_a,p
dissonance_n,n
fib_v,n
erase_v,n
rescue_v,p
sabotage_v,n
fib_n,n
striking_a,p
abash_v,n
undue_a,n
droop_v,n
propagandize_v,n
graft_n,n
affirmation_n,p
affirmation_a,p
exposed_a,n
ennoble_v,p
avoid_v,n
hideousness_n,n
sweetheart_n,p
despise_v,n
disbelief_n,n
flabbergast_v,n
dubious_a,n
pinch_v,n
open_a,p
premium_a,p
indefensible_a,n
plotters_a,n
plotters_n,n
peeve_v,n
indefensible_n,n
white_a,p
hot_a,p
stuffy_a,n
vouchsafe_v,p
terrifying_a,p
susceptible_a,n
puppet_a,n
dreadfulness_n,n
puppet_n,n
approval_n,p
deceptive_a,n
gratification_n,p
temper_n,n
deceptive_n,n
stigmatize_v,n
gruff_a,n
panicky_a,n
victimize_v,n
indecent_a,n
vast_a,p
fruitful_a,p
soothe_v,p
knife_v,n
laugh_v,n
seethe_v,n
instable_a,n
evocative_a,p
paranoid_a,n
laugh_n,n
evils_n,n
rubbish_n,n
preemptive_a,p
squirm_v,n
scummy_a,n
urgency_a,n
affliction_n,n
urgency_n,n
undone_v,n
embarrassment_n,n
fanaticism_n,n
persuasive_n,p
persuasive_a,p
woeful_a,n
shameful_a,n
repentance_n,p
shameful_n,n
contravene_v,n
bonus_n,p
shallow_a,n
cohere_v,p
smolder_v,n
charity_n,p
triumph_v,p
doubt_v,n
stellar_a,p
sketchy_a,n
grouchy_a,n
excusable_n,p
perverse_a,n
triumph_n,p
brutalities_n,n
rascal_n,n
eminent_a,p
advantageous_a,p
relevant_a,p
justice_a,p
betray_v,n
interested_a,p
indisposed_a,n
accidental_a,n
insidious_a,n
overwhelming_a,n
darkness_n,n
tired_a,n
fabrication_n,n
condescend_v,n
generously_a,p
infamous_a,n
capricious_a,n
insociable_a,n
reprehension_n,n
left-leaning_a,n
dissembler_n,n
unclean_a,n
deprive_v,n
tragic_a,n
subscribe_v,p
accursed_a,n
loathe_a,n
squabble_v,n
relapse_v,n
spite_n,n
upbeat_a,p
break-point_n,n
rumbling_n,n
rumbling_a,n
inflated_a,n
absolve_v,p
irritable_a,n
pervasive_a,n
pervasive_n,n
acquit_v,p
sympathize_v,n
unprecedent_a,n
adventurous_a,p
impertinent_a,n
tawdry_a,n
desert_v,n
biases_a,n
depressed_a,n
decry_v,n
unskilled_a,n
cocky_a,n
calumnious_a,n
malady_n,n
idolize_v,p
devotion_n,p
assertions_n,p
uncivilized_n,n
altruist_n,p
downbeat_a,n
uncivilized_a,n
assertions_a,p
precedent_n,p
brains_n,p
passiveness_a,n
throw_v,n
calamity_n,n
fatty_a,n
passiveness_n,n
undignified_a,n
brains_a,p
heartily_a,p
liberty_n,p
wedge_n,n
inapt_a,n
deadbeat_a,n
mock_v,n
commitment_a,p
mock_a,n
dishonesty_n,n
commitment_n,p
exasperate_v,n
supremacy_a,n
supremacy_n,n
intractable_a,n
fresh_a,p
devilish_a,n
inexperience_n,n
eloquence_n,p
hypocrites_n,n
prison_n,n
repulsiveness_n,n
shamefulness_n,n
shrug_v,n
beloved_a,p
endorse_v,p
boisterous_a,n
misfortune_n,n
shadowy_a,n
faze_v,n
exorbitant_a,n
inadvisable_a,n
coherence_n,p
luster_n,p
ignoble_a,n
epitome_n,p
paradise_n,p
waning_a,n
lonesome_a,n
enhancement_n,p
foulness_n,n
recommendations_a,p
stainless_a,p
recommendations_n,p
boring_a,n
congested_a,n
educational_a,p
volatility_n,n
plush_a,p
treat_n,p
spirit_n,p
neurotic_a,n
interests_a,p
isolation_n,n
flake_n,n
ultimatums_a,n
allure_n,p
ultimatums_n,n
allure_v,p
bountiful_a,p
support_v,p
overwhelm_v,n
venomous_a,n
boastful_a,n
disobedience_n,n
allay_v,p
signify_v,p
unfounded_a,n
rectification_n,p
rectification_a,p
dreamy_a,p
wily_a,n
congestion_n,n
misreading_n,n
winners_n,p
dejectedly_a,n
pandemonium_n,n
shrivel_v,n
cynical_a,n
innocent_a,p
strife_n,n
falter_v,n
brutal_a,n
arrogance_n,n
well-managed_a,p
scum_n,n
blindingly_a,n
sustainable_n,p
unbearable_a,n
misreading_a,n
scoff_v,n
sustainable_a,p
madder_a,n
madder_n,n
shriek_v,n
bull_a,p
bull_n,p
illness_n,n
active_a,p
blessing_a,p
mild_a,p
unique_a,p
slap_v,n
bully_n,n
bully_a,n
predicament_n,n
achievable_a,p
earsplitting_a,n
overture_n,p
essential_a,p
clearer_n,p
clearer_a,p
crumple_v,n
overture_a,p
rage_n,n
stable_n,p
vestiges_n,n
fortitude_n,p
vestiges_a,n
stable_a,p
avenge_v,n
foolproof_a,p
please_v,p
friendly_a,p
impudence_n,n
dissident_a,n
grievances_a,n
grievances_n,n
dissident_n,n
impartial_a,p
joyless_a,p
nosey_a,n
scorn_v,n
excusable_a,p
distinct_a,p
humankind_n,p
lascivious_a,n
gossip_n,n
over-valuation_n,n
abuse_v,n
shyness_n,n
superstitious_n,n
over-valuation_a,n
unsuspecting_a,n
gossip_a,n
peripheral_a,n
abuse_a,n
virulent_a,n
gossip_v,n
irritate_v,n
abuse_n,n
disillusioned_a,n
stampede_n,n
stampede_a,n
abound_v,p
invigorate_v,p
contradictory_a,n
affluence_n,p
prominence_n,p
horrors_n,n
abhorrent_a,n
chaotic_a,n
frustrating_a,n
disinclination_n,n
coercion_n,n
hurtful_a,n
clique_n,n
harmful_a,n
accuse_v,n
favored_a,p
hedonistic_a,n
resurgent_a,p
languorous_a,n
upliftment_n,p
upliftment_a,p
fabricate_v,n
dumb_n,n
stress_v,n
effusion_n,p
dumb_a,n
benefits_n,p
benefits_a,p
stress_n,n
